lon,lat,value
146.1,-43.65,76.2
146.35,-43.65,82.5
146.6,-43.65,85.1
146.85,-43.65,90.6
145.85,-43.4,80.0
146.1,-43.4,79.4
146.35,-43.4,82.8
146.6,-43.4,82.5
146.85,-43.4,89.6
147.1,-43.4,85.2
147.35,-43.4,93.0
145.6,-43.15,82.5
145.85,-43.15,86.5
146.1,-43.15,90.5
146.35,-43.15,91.5
146.6,-43.15,90.7
146.85,-43.15,96.2
147.1,-43.15,89.1
147.35,-43.15,84.7
147.6,-43.15,78.3
147.85,-43.15,79.7
148.1,-43.15,72.1
145.35,-42.9,82.4
145.6,-42.9,86.2
145.85,-42.9,98.5
146.1,-42.9,108.2
146.35,-42.9,102.6
146.6,-42.9,101.7
146.85,-42.9,100.5
147.1,-42.9,97.0
147.35,-42.9,82.3
147.6,-42.9,75.0
147.85,-42.9,70.8
148.1,-42.9,76.2
145.35,-42.65,86.8
145.6,-42.65,96.4
145.85,-42.65,108.7
146.1,-42.65,116.6
146.35,-42.65,105.2
146.6,-42.65,100.2
146.85,-42.65,88.6
147.1,-42.65,85.4
147.35,-42.65,80.5
147.6,-42.65,75.3
147.85,-42.65,75.4
148.1,-42.65,72.8
145.1,-42.4,83.9
145.35,-42.4,93.2
145.6,-42.4,106.7
145.85,-42.4,115.2
146.1,-42.4,116.0
146.35,-42.4,112.5
146.6,-42.4,102.8
146.85,-42.4,90.1
147.1,-42.4,82.1
147.35,-42.4,76.0
147.6,-42.4,77.3
147.85,-42.4,78.3
148.1,-42.4,74.0
148.35,-42.4,70.1
145.1,-42.15,81.6
145.35,-42.15,105.2
145.6,-42.15,117.0
145.85,-42.15,119.8
146.1,-42.15,114.6
146.35,-42.15,96.2
146.6,-42.15,89.0
146.85,-42.15,84.7
147.1,-42.15,84.6
147.35,-42.15,86.9
147.6,-42.15,79.1
147.85,-42.15,72.4
148.1,-42.15,66.8
148.35,-42.15,67.8
145.1,-41.9,105.0
145.35,-41.9,112.2
145.6,-41.9,125.4
145.85,-41.9,117.1
146.1,-41.9,104.1
146.35,-41.9,88.5
146.6,-41.9,85.8
146.85,-41.9,79.2
147.1,-41.9,85.4
147.35,-41.9,83.8
147.6,-41.9,79.8
147.85,-41.9,69.2
148.1,-41.9,65.5
148.35,-41.9,71.0
144.85,-41.65,91.3
145.1,-41.65,96.7
145.35,-41.65,107.2
145.6,-41.65,121.7
145.85,-41.65,109.8
146.1,-41.65,92.8
146.35,-41.65,79.8
146.6,-41.65,82.8
146.85,-41.65,81.9
147.1,-41.65,83.2
147.35,-41.65,88.7
147.6,-41.65,83.9
147.85,-41.65,78.5
148.1,-41.65,67.4
148.35,-41.65,64.1
144.6,-41.4,82.1
144.85,-41.4,85.7
145.1,-41.4,90.8
145.35,-41.4,93.2
145.6,-41.4,98.5
145.85,-41.4,96.5
146.1,-41.4,87.1
146.35,-41.4,80.8
146.6,-41.4,83.8
146.85,-41.4,80.2
147.1,-41.4,82.9
147.35,-41.4,88.2
147.6,-41.4,85.7
147.85,-41.4,80.2
148.1,-41.4,73.5
148.35,-41.4,68.5
144.6,-41.15,83.7
144.85,-41.15,85.4
145.1,-41.15,86.6
145.35,-41.15,82.4
145.6,-41.15,82.1
145.85,-41.15,80.4
146.1,-41.15,81.2
146.35,-41.15,74.2
146.6,-41.15,78.0
146.85,-41.15,75.8
147.1,-41.15,78.0
147.35,-41.15,79.0
147.6,-41.15,76.1
147.85,-41.15,79.3
148.1,-41.15,78.3
148.35,-41.15,72.3
144.6,-40.9,90.9
144.85,-40.9,88.5
145.1,-40.9,92.4
145.35,-40.9,89.0
145.6,-40.9,81.4
145.85,-40.9,77.5
146.85,-40.9,74.1
147.1,-40.9,72.3
147.35,-40.9,72.3
147.6,-40.9,78.1
147.85,-40.9,78.7
148.1,-40.9,79.3
148.35,-40.9,69.5
144.6,-40.65,83.3
144.85,-40.65,82.5
145.1,-40.65,82.2
145.35,-40.65,82.7
147.85,-40.65,80.5
148.1,-40.65,83.9
148.35,-40.65,87.0
144.6,-40.4,83.0
144.85,-40.4,81.6
147.85,-40.4,89.1
148.1,-40.4,94.1
148.35,-40.4,93.8
148.6,-40.4,87.8
143.85,-40.15,87.7
144.1,-40.15,93.5
147.85,-40.15,90.6
148.1,-40.15,95.6
148.35,-40.15,97.3
143.85,-39.9,85.3
144.1,-39.9,93.1
147.85,-39.9,94.9
148.1,-39.9,92.5
148.35,-39.9,90.6
143.85,-39.65,76.5
144.1,-39.65,76.9
147.85,-39.65,91.6
148.1,-39.65,93.5
147.35,-39.4,86.9
146.35,-39.15,95.1
143.35,-38.9,106.5
143.6,-38.9,105.2
145.85,-38.9,82.1
146.1,-38.9,85.3
146.35,-38.9,88.8
146.6,-38.9,88.7
142.6,-38.65,94.5
142.85,-38.65,97.5
143.1,-38.65,102.7
143.35,-38.65,102.2
143.6,-38.65,97.6
143.85,-38.65,87.1
144.1,-38.65,74.5
145.1,-38.65,95.3
145.35,-38.65,93.3
145.6,-38.65,95.9
145.85,-38.65,89.6
146.1,-38.65,98.8
146.35,-38.65,86.5
146.6,-38.65,83.6
146.85,-38.65,69.8
147.1,-38.65,65.8
141.35,-38.4,90.6
141.6,-38.4,88.3
141.85,-38.4,84.5
142.1,-38.4,82.9
142.35,-38.4,86.9
142.6,-38.4,92.0
142.85,-38.4,93.9
143.1,-38.4,93.3
143.35,-38.4,96.4
143.6,-38.4,87.4
143.85,-38.4,82.2
144.1,-38.4,77.6
144.35,-38.4,87.2
144.6,-38.4,90.6
144.85,-38.4,93.4
145.1,-38.4,88.7
145.35,-38.4,91.4
145.6,-38.4,97.4
145.85,-38.4,90.2
146.1,-38.4,92.0
146.35,-38.4,73.4
146.6,-38.4,80.9
146.85,-38.4,68.4
147.1,-38.4,63.0
147.35,-38.4,62.4
140.6,-38.15,98.3
140.85,-38.15,91.7
141.1,-38.15,87.3
141.35,-38.15,89.3
141.6,-38.15,89.3
141.85,-38.15,88.1
142.1,-38.15,87.8
142.35,-38.15,92.0
142.6,-38.15,91.6
142.85,-38.15,89.4
143.1,-38.15,91.1
143.35,-38.15,90.2
143.6,-38.15,76.4
143.85,-38.15,74.1
144.1,-38.15,78.0
144.35,-38.15,81.7
144.6,-38.15,89.1
145.1,-38.15,86.7
145.35,-38.15,90.3
145.6,-38.15,93.3
145.85,-38.15,90.3
146.1,-38.15,90.7
146.35,-38.15,82.0
146.6,-38.15,72.8
146.85,-38.15,65.0
147.1,-38.15,63.0
147.35,-38.15,63.1
147.6,-38.15,62.9
140.35,-37.9,89.0
140.6,-37.9,96.8
140.85,-37.9,95.2
141.1,-37.9,91.2
141.35,-37.9,93.6
141.6,-37.9,96.7
141.85,-37.9,94.9
142.1,-37.9,90.8
142.35,-37.9,94.9
142.6,-37.9,92.6
142.85,-37.9,88.1
143.1,-37.9,91.6
143.35,-37.9,88.4
143.6,-37.9,82.1
143.85,-37.9,83.4
144.1,-37.9,76.7
144.35,-37.9,77.0
144.6,-37.9,79.4
144.85,-37.9,77.9
145.1,-37.9,78.8
145.35,-37.9,87.2
145.6,-37.9,91.0
145.85,-37.9,87.9
146.1,-37.9,81.5
146.35,-37.9,75.3
146.6,-37.9,60.1
146.85,-37.9,59.5
147.1,-37.9,61.7
147.35,-37.9,63.6
147.6,-37.9,63.0
147.85,-37.9,60.8
148.1,-37.9,58.6
148.35,-37.9,59.6
148.6,-37.9,61.4
148.85,-37.9,65.3
149.1,-37.9,74.4
149.35,-37.9,76.6
149.6,-37.9,75.2
140.1,-37.65,93.4
140.35,-37.65,94.5
140.6,-37.65,97.6
140.85,-37.65,102.2
141.1,-37.65,101.8
141.35,-37.65,92.6
141.6,-37.65,95.9
141.85,-37.65,97.7
142.1,-37.65,90.8
142.35,-37.65,93.0
142.6,-37.65,85.4
142.85,-37.65,83.6
143.1,-37.65,85.8
143.35,-37.65,79.6
143.6,-37.65,80.1
143.85,-37.65,83.9
144.1,-37.65,87.9
144.35,-37.65,81.8
144.6,-37.65,79.7
144.85,-37.65,78.1
145.1,-37.65,78.2
145.35,-37.65,84.7
145.6,-37.65,81.6
145.85,-37.65,85.3
146.1,-37.65,84.4
146.35,-37.65,85.0
146.6,-37.65,63.8
146.85,-37.65,59.3
147.1,-37.65,61.1
147.35,-37.65,65.7
147.6,-37.65,64.5
147.85,-37.65,58.5
148.1,-37.65,58.2
148.35,-37.65,61.2
148.6,-37.65,57.5
148.85,-37.65,62.3
149.1,-37.65,71.7
149.35,-37.65,72.2
149.6,-37.65,71.1
149.85,-37.65,67.7
139.85,-37.4,98.3
140.1,-37.4,95.0
140.35,-37.4,103.8
140.6,-37.4,105.9
140.85,-37.4,100.5
141.1,-37.4,97.9
141.35,-37.4,89.0
141.6,-37.4,84.4
141.85,-37.4,93.0
142.1,-37.4,87.9
142.35,-37.4,88.8
142.6,-37.4,82.7
142.85,-37.4,83.7
143.1,-37.4,81.7
143.35,-37.4,83.5
143.6,-37.4,85.7
143.85,-37.4,84.3
144.1,-37.4,85.4
144.35,-37.4,80.6
144.6,-37.4,79.5
144.85,-37.4,78.5
145.1,-37.4,73.9
145.35,-37.4,77.9
145.6,-37.4,81.4
145.85,-37.4,73.8
146.1,-37.4,80.6
146.35,-37.4,83.5
146.6,-37.4,70.9
146.85,-37.4,56.9
147.1,-37.4,64.3
147.35,-37.4,70.0
147.6,-37.4,69.0
147.85,-37.4,68.4
148.1,-37.4,63.8
148.35,-37.4,68.3
148.6,-37.4,65.9
148.85,-37.4,60.3
149.1,-37.4,69.0
149.35,-37.4,71.1
149.6,-37.4,67.2
149.85,-37.4,61.7
150.1,-37.4,64.6
139.85,-37.15,93.2
140.1,-37.15,95.0
140.35,-37.15,99.8
140.6,-37.15,103.6
140.85,-37.15,93.8
141.1,-37.15,92.3
141.35,-37.15,84.0
141.6,-37.15,86.4
141.85,-37.15,91.2
142.1,-37.15,84.1
142.35,-37.15,84.6
142.6,-37.15,87.9
142.85,-37.15,79.4
143.1,-37.15,71.4
143.35,-37.15,73.1
143.6,-37.15,74.1
143.85,-37.15,77.1
144.1,-37.15,78.4
144.35,-37.15,76.1
144.6,-37.15,77.9
144.85,-37.15,81.0
145.1,-37.15,74.3
145.35,-37.15,76.2
145.6,-37.15,82.2
145.85,-37.15,78.4
146.1,-37.15,81.3
146.35,-37.15,85.6
146.6,-37.15,86.4
146.85,-37.15,68.1
147.1,-37.15,63.8
147.35,-37.15,69.0
147.6,-37.15,77.3
147.85,-37.15,78.1
148.1,-37.15,71.7
148.35,-37.15,72.7
148.6,-37.15,76.8
148.85,-37.15,65.0
149.1,-37.15,71.2
149.35,-37.15,67.6
149.6,-37.15,67.0
149.85,-37.15,59.4
150.1,-37.15,65.1
139.6,-36.9,87.4
139.85,-36.9,91.9
140.1,-36.9,93.6
140.35,-36.9,94.2
140.6,-36.9,92.8
140.85,-36.9,88.2
141.1,-36.9,90.6
141.35,-36.9,88.0
141.6,-36.9,86.8
141.85,-36.9,82.4
142.1,-36.9,81.1
142.35,-36.9,82.8
142.6,-36.9,74.1
142.85,-36.9,75.3
143.1,-36.9,75.2
143.35,-36.9,71.6
143.6,-36.9,75.2
143.85,-36.9,73.8
144.1,-36.9,75.9
144.35,-36.9,69.1
144.6,-36.9,73.6
144.85,-36.9,73.5
145.1,-36.9,73.0
145.35,-36.9,76.1
145.6,-36.9,78.6
145.85,-36.9,82.8
146.1,-36.9,70.0
146.35,-36.9,71.3
146.6,-36.9,81.5
146.85,-36.9,77.7
147.1,-36.9,70.1
147.35,-36.9,74.2
147.6,-36.9,81.7
147.85,-36.9,81.9
148.1,-36.9,81.1
148.35,-36.9,83.2
148.6,-36.9,77.9
148.85,-36.9,77.8
149.1,-36.9,73.1
149.35,-36.9,68.3
149.6,-36.9,63.4
149.85,-36.9,58.8
139.85,-36.65,96.7
140.1,-36.65,97.6
140.35,-36.65,93.9
140.6,-36.65,92.1
140.85,-36.65,92.7
141.1,-36.65,92.4
141.35,-36.65,88.8
141.6,-36.65,85.4
141.85,-36.65,82.4
142.1,-36.65,77.6
142.35,-36.65,83.9
142.6,-36.65,84.0
142.85,-36.65,79.9
143.1,-36.65,74.9
143.35,-36.65,73.9
143.6,-36.65,76.8
143.85,-36.65,76.8
144.1,-36.65,78.4
144.35,-36.65,72.4
144.6,-36.65,71.7
144.85,-36.65,73.5
145.1,-36.65,76.0
145.35,-36.65,75.9
145.6,-36.65,71.5
145.85,-36.65,71.1
146.1,-36.65,70.3
146.35,-36.65,72.0
146.6,-36.65,78.4
146.85,-36.65,83.3
147.1,-36.65,87.1
147.35,-36.65,78.9
147.6,-36.65,75.0
147.85,-36.65,75.4
148.1,-36.65,83.2
148.35,-36.65,91.9
148.6,-36.65,75.3
148.85,-36.65,69.4
149.1,-36.65,70.6
149.35,-36.65,63.3
149.6,-36.65,61.3
149.85,-36.65,62.7
150.1,-36.65,63.5
139.6,-36.4,88.7
139.85,-36.4,88.1
140.1,-36.4,89.7
140.35,-36.4,89.6
140.6,-36.4,93.9
140.85,-36.4,92.6
141.1,-36.4,89.8
141.35,-36.4,85.4
141.6,-36.4,85.9
141.85,-36.4,85.3
142.1,-36.4,84.6
142.35,-36.4,86.8
142.6,-36.4,86.1
142.85,-36.4,79.6
143.1,-36.4,78.6
143.35,-36.4,77.2
143.6,-36.4,78.3
143.85,-36.4,79.4
144.1,-36.4,77.2
144.35,-36.4,74.4
144.6,-36.4,74.4
144.85,-36.4,76.9
145.1,-36.4,78.1
145.35,-36.4,68.7
145.6,-36.4,68.7
145.85,-36.4,64.1
146.1,-36.4,66.9
146.35,-36.4,69.3
146.6,-36.4,78.2
146.85,-36.4,77.8
147.1,-36.4,74.9
147.35,-36.4,79.7
147.6,-36.4,78.4
147.85,-36.4,75.9
148.1,-36.4,81.0
148.35,-36.4,82.0
148.6,-36.4,79.9
148.85,-36.4,71.2
149.1,-36.4,70.2
149.35,-36.4,71.5
149.6,-36.4,65.5
149.85,-36.4,67.6
150.1,-36.4,73.3
136.6,-36.15,92.4
136.85,-36.15,93.9
137.1,-36.15,95.3
137.35,-36.15,92.8
137.6,-36.15,89.5
139.6,-36.15,93.0
139.85,-36.15,90.4
140.1,-36.15,86.7
140.35,-36.15,86.0
140.6,-36.15,93.0
140.85,-36.15,92.3
141.1,-36.15,91.7
141.35,-36.15,87.6
141.6,-36.15,85.2
141.85,-36.15,82.6
142.1,-36.15,83.0
142.35,-36.15,83.7
142.6,-36.15,81.8
142.85,-36.15,75.7
143.1,-36.15,82.5
143.35,-36.15,86.1
143.6,-36.15,82.2
143.85,-36.15,81.7
144.1,-36.15,79.1
144.35,-36.15,73.3
144.6,-36.15,76.5
144.85,-36.15,78.7
145.1,-36.15,77.6
145.35,-36.15,73.0
145.6,-36.15,67.4
145.85,-36.15,62.6
146.1,-36.15,65.8
146.35,-36.15,71.4
146.6,-36.15,69.9
146.85,-36.15,69.9
147.1,-36.15,73.0
147.35,-36.15,76.4
147.6,-36.15,77.7
147.85,-36.15,82.3
148.1,-36.15,82.4
148.35,-36.15,77.1
148.6,-36.15,79.5
148.85,-36.15,77.6
149.1,-36.15,74.9
149.35,-36.15,68.5
149.6,-36.15,64.1
149.85,-36.15,68.3
150.1,-36.15,73.0
136.6,-35.9,85.4
136.85,-35.9,90.1
137.1,-35.9,88.3
137.35,-35.9,87.5
137.6,-35.9,82.8
137.85,-35.9,78.7
138.1,-35.9,78.2
139.35,-35.9,87.5
139.6,-35.9,91.5
139.85,-35.9,92.4
140.1,-35.9,88.5
140.35,-35.9,86.2
140.6,-35.9,86.2
140.85,-35.9,83.9
141.1,-35.9,86.7
141.35,-35.9,86.8
141.6,-35.9,85.3
141.85,-35.9,82.3
142.1,-35.9,80.9
142.35,-35.9,79.2
142.6,-35.9,81.0
142.85,-35.9,81.0
143.1,-35.9,87.3
143.35,-35.9,86.3
143.6,-35.9,83.0
143.85,-35.9,78.7
144.1,-35.9,71.0
144.35,-35.9,67.9
144.6,-35.9,69.4
144.85,-35.9,71.7
145.1,-35.9,72.6
145.35,-35.9,69.9
145.6,-35.9,66.2
145.85,-35.9,66.5
146.1,-35.9,68.0
146.35,-35.9,70.9
146.6,-35.9,71.7
146.85,-35.9,71.4
147.1,-35.9,81.0
147.35,-35.9,75.5
147.6,-35.9,71.3
147.85,-35.9,78.4
148.1,-35.9,79.0
148.35,-35.9,77.2
148.6,-35.9,79.5
148.85,-35.9,74.7
149.1,-35.9,72.1
149.35,-35.9,65.7
149.6,-35.9,64.3
149.85,-35.9,61.9
150.1,-35.9,63.7
150.35,-35.9,63.6
136.6,-35.65,81.5
136.85,-35.65,85.4
137.1,-35.65,83.1
137.35,-35.65,79.8
137.6,-35.65,77.8
137.85,-35.65,79.8
138.1,-35.65,82.5
138.35,-35.65,78.3
138.6,-35.65,83.2
138.85,-35.65,80.0
139.1,-35.65,89.9
139.35,-35.65,90.6
139.6,-35.65,86.8
139.85,-35.65,87.4
140.1,-35.65,83.5
140.35,-35.65,82.6
140.6,-35.65,79.0
140.85,-35.65,79.7
141.1,-35.65,80.4
141.35,-35.65,82.0
141.6,-35.65,82.5
141.85,-35.65,79.6
142.1,-35.65,80.7
142.35,-35.65,82.7
142.6,-35.65,84.9
142.85,-35.65,78.0
143.1,-35.65,80.5
143.35,-35.65,78.0
143.6,-35.65,74.1
143.85,-35.65,74.6
144.1,-35.65,63.7
144.35,-35.65,60.0
144.6,-35.65,66.3
144.85,-35.65,67.2
145.1,-35.65,67.4
145.35,-35.65,64.7
145.6,-35.65,58.9
145.85,-35.65,65.7
146.1,-35.65,69.8
146.35,-35.65,72.2
146.6,-35.65,72.9
146.85,-35.65,71.0
147.1,-35.65,71.0
147.35,-35.65,72.8
147.6,-35.65,67.2
147.85,-35.65,68.5
148.1,-35.65,70.6
148.35,-35.65,77.7
148.6,-35.65,74.3
148.85,-35.65,64.3
149.1,-35.65,66.0
149.35,-35.65,65.4
149.6,-35.65,64.4
149.85,-35.65,61.7
150.1,-35.65,64.7
150.35,-35.65,68.0
136.85,-35.4,87.6
138.1,-35.4,87.3
138.35,-35.4,90.1
138.6,-35.4,88.2
138.85,-35.4,83.3
139.1,-35.4,88.8
139.35,-35.4,90.5
139.6,-35.4,90.0
139.85,-35.4,79.5
140.1,-35.4,79.1
140.35,-35.4,81.2
140.6,-35.4,74.9
140.85,-35.4,80.9
141.1,-35.4,75.3
141.35,-35.4,79.6
141.6,-35.4,80.7
141.85,-35.4,75.9
142.1,-35.4,76.0
142.35,-35.4,79.7
142.6,-35.4,80.2
142.85,-35.4,71.2
143.1,-35.4,73.5
143.35,-35.4,72.2
143.6,-35.4,71.6
143.85,-35.4,69.8
144.1,-35.4,61.1
144.35,-35.4,54.9
144.6,-35.4,64.7
144.85,-35.4,70.5
145.1,-35.4,68.5
145.35,-35.4,66.2
145.6,-35.4,63.9
145.85,-35.4,69.8
146.1,-35.4,74.3
146.35,-35.4,74.5
146.6,-35.4,73.9
146.85,-35.4,71.9
147.1,-35.4,67.3
147.35,-35.4,69.9
147.6,-35.4,67.5
147.85,-35.4,67.5
148.1,-35.4,67.4
148.35,-35.4,71.1
148.6,-35.4,68.1
148.85,-35.4,63.9
149.1,-35.4,67.0
149.35,-35.4,66.5
149.6,-35.4,62.1
149.85,-35.4,64.8
150.1,-35.4,74.7
150.35,-35.4,75.4
150.6,-35.4,67.7
116.6,-35.15,87.3
116.85,-35.15,88.1
117.1,-35.15,93.1
117.35,-35.15,87.1
117.6,-35.15,88.0
117.85,-35.15,86.5
118.1,-35.15,87.5
136.1,-35.15,79.1
136.35,-35.15,83.3
136.6,-35.15,84.4
136.85,-35.15,87.5
137.1,-35.15,85.3
137.35,-35.15,87.6
137.6,-35.15,88.0
137.85,-35.15,91.0
138.35,-35.15,81.6
138.6,-35.15,84.4
138.85,-35.15,83.6
139.1,-35.15,79.7
139.35,-35.15,77.2
139.6,-35.15,79.5
139.85,-35.15,77.5
140.1,-35.15,77.3
140.35,-35.15,76.5
140.6,-35.15,78.8
140.85,-35.15,80.8
141.1,-35.15,76.6
141.35,-35.15,77.4
141.6,-35.15,74.2
141.85,-35.15,68.5
142.1,-35.15,70.0
142.35,-35.15,75.4
142.6,-35.15,70.5
142.85,-35.15,68.4
143.1,-35.15,73.7
143.35,-35.15,68.4
143.6,-35.15,64.9
143.85,-35.15,65.2
144.1,-35.15,65.5
144.35,-35.15,61.4
144.6,-35.15,62.9
144.85,-35.15,71.3
145.1,-35.15,70.9
145.35,-35.15,69.3
145.6,-35.15,69.3
145.85,-35.15,71.1
146.1,-35.15,71.2
146.35,-35.15,70.7
146.6,-35.15,69.5
146.85,-35.15,68.4
147.1,-35.15,66.5
147.35,-35.15,68.7
147.6,-35.15,66.4
147.85,-35.15,67.1
148.1,-35.15,63.8
148.35,-35.15,66.5
148.6,-35.15,68.3
148.85,-35.15,72.2
149.1,-35.15,73.1
149.35,-35.15,65.7
149.6,-35.15,66.6
149.85,-35.15,64.9
150.1,-35.15,60.9
150.35,-35.15,60.3
150.6,-35.15,67.1
150.85,-35.15,69.5
116.1,-34.9,85.9
116.35,-34.9,85.8
116.6,-34.9,84.4
116.85,-34.9,87.0
117.1,-34.9,96.5
117.35,-34.9,94.0
117.6,-34.9,89.9
117.85,-34.9,84.8
118.1,-34.9,87.8
118.35,-34.9,88.4
118.6,-34.9,85.5
135.6,-34.9,78.0
135.85,-34.9,73.5
136.1,-34.9,75.2
136.85,-34.9,85.9
137.1,-34.9,85.6
137.35,-34.9,88.5
137.6,-34.9,86.9
137.85,-34.9,82.5
138.6,-34.9,78.2
138.85,-34.9,82.2
139.1,-34.9,73.4
139.35,-34.9,74.2
139.6,-34.9,73.1
139.85,-34.9,72.3
140.1,-34.9,75.7
140.35,-34.9,74.6
140.6,-34.9,74.5
140.85,-34.9,75.5
141.1,-34.9,75.8
141.35,-34.9,72.6
141.6,-34.9,67.5
141.85,-34.9,63.4
142.1,-34.9,63.0
142.35,-34.9,66.7
142.6,-34.9,65.1
142.85,-34.9,66.7
143.1,-34.9,69.0
143.35,-34.9,66.9
143.6,-34.9,64.6
143.85,-34.9,64.1
144.1,-34.9,65.5
144.35,-34.9,65.3
144.6,-34.9,64.0
144.85,-34.9,64.2
145.1,-34.9,65.2
145.35,-34.9,66.3
145.6,-34.9,68.2
145.85,-34.9,66.2
146.1,-34.9,63.1
146.35,-34.9,62.5
146.6,-34.9,64.3
146.85,-34.9,65.9
147.1,-34.9,67.6
147.35,-34.9,68.9
147.6,-34.9,66.6
147.85,-34.9,64.0
148.1,-34.9,66.4
148.35,-34.9,72.7
148.6,-34.9,69.5
148.85,-34.9,75.7
149.1,-34.9,73.3
149.35,-34.9,68.7
149.6,-34.9,67.7
149.85,-34.9,64.7
150.1,-34.9,59.8
150.35,-34.9,51.1
150.6,-34.9,61.9
150.85,-34.9,66.3
115.85,-34.65,88.2
116.1,-34.65,87.6
116.35,-34.65,86.2
116.6,-34.65,85.6
116.85,-34.65,86.9
117.1,-34.65,91.4
117.35,-34.65,93.8
117.6,-34.65,84.9
117.85,-34.65,90.9
118.1,-34.65,96.4
118.35,-34.65,97.0
118.6,-34.65,86.4
118.85,-34.65,76.3
119.1,-34.65,78.5
119.35,-34.65,79.3
135.1,-34.65,79.2
135.35,-34.65,80.4
135.6,-34.65,81.6
135.85,-34.65,75.2
136.1,-34.65,72.5
137.35,-34.65,83.2
137.6,-34.65,81.7
137.85,-34.65,77.8
138.35,-34.65,74.8
138.6,-34.65,75.7
138.85,-34.65,77.1
139.1,-34.65,69.0
139.35,-34.65,67.9
139.6,-34.65,71.5
139.85,-34.65,72.1
140.1,-34.65,74.7
140.35,-34.65,71.8
140.6,-34.65,72.0
140.85,-34.65,71.8
141.1,-34.65,69.7
141.35,-34.65,66.2
141.6,-34.65,62.8
141.85,-34.65,59.1
142.1,-34.65,59.0
142.35,-34.65,61.8
142.6,-34.65,64.3
142.85,-34.65,64.3
143.1,-34.65,65.2
143.35,-34.65,66.6
143.6,-34.65,65.6
143.85,-34.65,64.8
144.1,-34.65,64.9
144.35,-34.65,65.7
144.6,-34.65,63.9
144.85,-34.65,60.5
145.1,-34.65,60.5
145.35,-34.65,62.8
145.6,-34.65,63.1
145.85,-34.65,60.8
146.1,-34.65,58.8
146.35,-34.65,56.7
146.6,-34.65,61.7
146.85,-34.65,67.4
147.1,-34.65,68.6
147.35,-34.65,67.3
147.6,-34.65,64.8
147.85,-34.65,64.8
148.1,-34.65,70.4
148.35,-34.65,72.1
148.6,-34.65,73.4
148.85,-34.65,75.1
149.1,-34.65,73.9
149.35,-34.65,72.2
149.6,-34.65,70.7
149.85,-34.65,62.7
150.1,-34.65,60.9
150.35,-34.65,59.7
150.6,-34.65,61.8
150.85,-34.65,66.5
115.1,-34.4,76.0
115.35,-34.4,87.1
115.6,-34.4,89.0
115.85,-34.4,88.3
116.1,-34.4,87.1
116.35,-34.4,81.6
116.6,-34.4,83.1
116.85,-34.4,84.0
117.1,-34.4,79.8
117.35,-34.4,85.0
117.6,-34.4,82.7
117.85,-34.4,90.1
118.1,-34.4,112.5
118.35,-34.4,101.3
118.6,-34.4,90.6
118.85,-34.4,80.8
119.1,-34.4,78.5
119.35,-34.4,78.1
119.6,-34.4,76.0
135.1,-34.4,81.0
135.35,-34.4,84.4
135.6,-34.4,85.9
135.85,-34.4,83.8
136.1,-34.4,80.9
136.35,-34.4,88.0
137.35,-34.4,83.5
137.6,-34.4,81.0
137.85,-34.4,76.7
138.1,-34.4,68.7
138.35,-34.4,73.6
138.6,-34.4,73.2
138.85,-34.4,72.5
139.1,-34.4,66.2
139.35,-34.4,62.7
139.6,-34.4,68.3
139.85,-34.4,69.5
140.1,-34.4,68.3
140.35,-34.4,69.5
140.6,-34.4,71.7
140.85,-34.4,68.8
141.1,-34.4,65.0
141.35,-34.4,63.4
141.6,-34.4,59.1
141.85,-34.4,53.6
142.1,-34.4,56.9
142.35,-34.4,61.4
142.6,-34.4,62.6
142.85,-34.4,61.0
143.1,-34.4,64.5
143.35,-34.4,66.9
143.6,-34.4,67.4
143.85,-34.4,66.5
144.1,-34.4,66.1
144.35,-34.4,67.3
144.6,-34.4,64.8
144.85,-34.4,61.3
145.1,-34.4,61.5
145.35,-34.4,62.1
145.6,-34.4,60.6
145.85,-34.4,62.5
146.1,-34.4,65.0
146.35,-34.4,62.0
146.6,-34.4,61.9
146.85,-34.4,59.6
147.1,-34.4,65.4
147.35,-34.4,65.1
147.6,-34.4,64.0
147.85,-34.4,64.7
148.1,-34.4,66.7
148.35,-34.4,70.0
148.6,-34.4,73.9
148.85,-34.4,72.4
149.1,-34.4,78.0
149.35,-34.4,78.9
149.6,-34.4,76.6
149.85,-34.4,69.5
150.1,-34.4,60.9
150.35,-34.4,57.8
150.6,-34.4,61.2
150.85,-34.4,56.6
115.1,-34.15,82.3
115.35,-34.15,91.4
115.6,-34.15,91.3
115.85,-34.15,82.2
116.1,-34.15,79.1
116.35,-34.15,77.7
116.6,-34.15,82.3
116.85,-34.15,83.0
117.1,-34.15,79.0
117.35,-34.15,80.1
117.6,-34.15,81.8
117.85,-34.15,88.2
118.1,-34.15,90.8
118.35,-34.15,91.0
118.6,-34.15,92.5
118.85,-34.15,83.2
119.1,-34.15,79.2
119.35,-34.15,76.4
119.6,-34.15,74.9
119.85,-34.15,74.2
123.1,-34.15,98.7
135.35,-34.15,86.2
135.6,-34.15,92.4
135.85,-34.15,88.7
136.1,-34.15,85.1
136.35,-34.15,81.3
137.35,-34.15,79.2
137.6,-34.15,77.1
137.85,-34.15,75.5
138.1,-34.15,74.2
138.35,-34.15,77.8
138.6,-34.15,74.6
138.85,-34.15,70.2
139.1,-34.15,64.5
139.35,-34.15,58.4
139.6,-34.15,60.8
139.85,-34.15,65.3
140.1,-34.15,63.1
140.35,-34.15,64.0
140.6,-34.15,62.1
140.85,-34.15,62.2
141.1,-34.15,61.4
141.35,-34.15,58.9
141.6,-34.15,54.2
141.85,-34.15,51.9
142.1,-34.15,58.2
142.35,-34.15,63.2
142.6,-34.15,63.9
142.85,-34.15,63.6
143.1,-34.15,64.5
143.35,-34.15,64.9
143.6,-34.15,65.4
143.85,-34.15,66.1
144.1,-34.15,65.6
144.35,-34.15,66.5
144.6,-34.15,65.3
144.85,-34.15,63.4
145.1,-34.15,65.2
145.35,-34.15,60.7
145.6,-34.15,61.0
145.85,-34.15,64.9
146.1,-34.15,68.0
146.35,-34.15,62.7
146.6,-34.15,59.9
146.85,-34.15,62.1
147.1,-34.15,63.3
147.35,-34.15,59.4
147.6,-34.15,59.6
147.85,-34.15,63.2
148.1,-34.15,65.1
148.35,-34.15,68.0
148.6,-34.15,67.8
148.85,-34.15,67.5
149.1,-34.15,72.0
149.35,-34.15,73.1
149.6,-34.15,73.0
149.85,-34.15,69.7
150.1,-34.15,61.9
150.35,-34.15,58.2
150.6,-34.15,59.1
150.85,-34.15,61.5
151.1,-34.15,60.5
151.35,-34.15,71.9
114.85,-33.9,84.9
115.1,-33.9,85.9
115.35,-33.9,86.8
115.6,-33.9,89.2
115.85,-33.9,77.4
116.1,-33.9,80.1
116.35,-33.9,81.6
116.6,-33.9,80.8
116.85,-33.9,83.0
117.1,-33.9,84.3
117.35,-33.9,80.8
117.6,-33.9,81.1
117.85,-33.9,87.2
118.1,-33.9,88.4
118.35,-33.9,86.2
118.6,-33.9,85.9
118.85,-33.9,78.1
119.1,-33.9,77.5
119.35,-33.9,76.9
119.6,-33.9,76.6
119.85,-33.9,76.6
120.1,-33.9,73.1
120.35,-33.9,72.4
120.6,-33.9,74.2
120.85,-33.9,83.8
121.1,-33.9,94.6
121.35,-33.9,92.2
121.6,-33.9,93.7
121.85,-33.9,93.1
122.1,-33.9,95.5
122.35,-33.9,97.3
122.6,-33.9,98.5
122.85,-33.9,100.5
123.1,-33.9,102.4
123.35,-33.9,99.5
123.6,-33.9,96.4
123.85,-33.9,94.9
134.35,-33.9,80.9
134.6,-33.9,81.3
135.1,-33.9,82.7
135.35,-33.9,82.9
135.6,-33.9,87.0
135.85,-33.9,83.0
136.1,-33.9,80.7
136.35,-33.9,75.0
136.6,-33.9,68.8
136.85,-33.9,64.6
137.6,-33.9,68.9
137.85,-33.9,74.3
138.1,-33.9,76.9
138.35,-33.9,77.8
138.6,-33.9,69.8
138.85,-33.9,67.3
139.1,-33.9,61.3
139.35,-33.9,55.4
139.6,-33.9,54.3
139.85,-33.9,58.4
140.1,-33.9,61.8
140.35,-33.9,61.2
140.6,-33.9,58.8
140.85,-33.9,57.9
141.1,-33.9,56.2
141.35,-33.9,51.0
141.6,-33.9,51.6
141.85,-33.9,54.1
142.1,-33.9,60.5
142.35,-33.9,65.3
142.6,-33.9,63.6
142.85,-33.9,61.7
143.1,-33.9,60.3
143.35,-33.9,59.8
143.6,-33.9,60.1
143.85,-33.9,61.3
144.1,-33.9,62.6
144.35,-33.9,64.2
144.6,-33.9,64.2
144.85,-33.9,62.3
145.1,-33.9,60.8
145.35,-33.9,58.3
145.6,-33.9,59.7
145.85,-33.9,63.5
146.1,-33.9,63.0
146.35,-33.9,56.4
146.6,-33.9,53.6
146.85,-33.9,57.1
147.1,-33.9,61.1
147.35,-33.9,58.2
147.6,-33.9,58.3
147.85,-33.9,62.3
148.1,-33.9,61.6
148.35,-33.9,62.7
148.6,-33.9,64.6
148.85,-33.9,67.4
149.1,-33.9,69.3
149.35,-33.9,60.2
149.6,-33.9,59.6
149.85,-33.9,63.3
150.1,-33.9,63.4
150.35,-33.9,62.4
150.6,-33.9,61.5
150.85,-33.9,64.7
151.1,-33.9,70.1
151.35,-33.9,80.6
114.85,-33.65,80.0
115.1,-33.65,74.1
115.35,-33.65,75.7
115.6,-33.65,79.1
115.85,-33.65,79.5
116.1,-33.65,78.8
116.35,-33.65,79.8
116.6,-33.65,78.9
116.85,-33.65,83.4
117.1,-33.65,83.4
117.35,-33.65,81.4
117.6,-33.65,83.2
117.85,-33.65,87.5
118.1,-33.65,86.1
118.35,-33.65,80.1
118.6,-33.65,76.6
118.85,-33.65,78.1
119.1,-33.65,80.8
119.35,-33.65,81.7
119.6,-33.65,82.5
119.85,-33.65,85.6
120.1,-33.65,81.6
120.35,-33.65,76.9
120.6,-33.65,78.7
120.85,-33.65,88.4
121.1,-33.65,92.8
121.35,-33.65,89.2
121.6,-33.65,93.2
121.85,-33.65,96.0
122.1,-33.65,98.2
122.35,-33.65,99.4
122.6,-33.65,98.6
122.85,-33.65,101.5
123.1,-33.65,101.1
123.35,-33.65,96.9
123.6,-33.65,94.9
123.85,-33.65,93.8
124.1,-33.65,93.9
134.35,-33.65,80.9
134.6,-33.65,80.9
134.85,-33.65,83.1
135.1,-33.65,85.7
135.35,-33.65,88.7
135.6,-33.65,86.2
135.85,-33.65,76.2
136.1,-33.65,76.5
136.35,-33.65,77.7
136.6,-33.65,70.2
136.85,-33.65,65.1
137.1,-33.65,69.8
137.35,-33.65,72.9
137.85,-33.65,76.9
138.1,-33.65,77.3
138.35,-33.65,73.4
138.6,-33.65,73.4
138.85,-33.65,72.7
139.1,-33.65,71.9
139.35,-33.65,61.1
139.6,-33.65,55.8
139.85,-33.65,55.5
140.1,-33.65,58.4
140.35,-33.65,59.0
140.6,-33.65,56.9
140.85,-33.65,55.5
141.1,-33.65,53.1
141.35,-33.65,50.1
141.6,-33.65,51.2
141.85,-33.65,53.8
142.1,-33.65,58.8
142.35,-33.65,60.4
142.6,-33.65,58.7
142.85,-33.65,57.1
143.1,-33.65,55.4
143.35,-33.65,53.7
143.6,-33.65,53.4
143.85,-33.65,54.3
144.1,-33.65,57.3
144.35,-33.65,61.2
144.6,-33.65,61.5
144.85,-33.65,61.9
145.1,-33.65,59.0
145.35,-33.65,56.7
145.6,-33.65,59.1
145.85,-33.65,60.0
146.1,-33.65,57.2
146.35,-33.65,53.4
146.6,-33.65,52.5
146.85,-33.65,54.2
147.1,-33.65,58.9
147.35,-33.65,61.8
147.6,-33.65,61.0
147.85,-33.65,62.4
148.1,-33.65,59.6
148.35,-33.65,56.7
148.6,-33.65,63.2
148.85,-33.65,66.7
149.1,-33.65,66.4
149.35,-33.65,59.3
149.6,-33.65,61.1
149.85,-33.65,61.4
150.1,-33.65,65.5
150.35,-33.65,69.5
150.6,-33.65,64.8
150.85,-33.65,69.9
151.1,-33.65,76.9
151.35,-33.65,75.9
115.6,-33.4,80.4
115.85,-33.4,77.3
116.1,-33.4,79.3
116.35,-33.4,78.9
116.6,-33.4,83.2
116.85,-33.4,85.3
117.1,-33.4,87.3
117.35,-33.4,91.7
117.6,-33.4,96.7
117.85,-33.4,94.9
118.1,-33.4,88.7
118.35,-33.4,81.5
118.6,-33.4,77.8
118.85,-33.4,79.2
119.1,-33.4,86.2
119.35,-33.4,88.0
119.6,-33.4,88.7
119.85,-33.4,89.0
120.1,-33.4,82.6
120.35,-33.4,78.2
120.6,-33.4,80.5
120.85,-33.4,83.7
121.1,-33.4,83.8
121.35,-33.4,79.7
121.6,-33.4,89.7
121.85,-33.4,93.7
122.1,-33.4,94.4
122.35,-33.4,95.3
122.6,-33.4,94.6
122.85,-33.4,94.8
123.1,-33.4,92.1
123.35,-33.4,91.8
123.6,-33.4,92.1
123.85,-33.4,92.6
124.1,-33.4,93.2
134.85,-33.4,81.1
135.1,-33.4,81.5
135.35,-33.4,84.2
135.6,-33.4,85.5
135.85,-33.4,74.7
136.1,-33.4,72.1
136.35,-33.4,73.9
136.6,-33.4,71.8
136.85,-33.4,69.7
137.1,-33.4,73.1
137.35,-33.4,74.4
137.85,-33.4,70.0
138.1,-33.4,68.9
138.35,-33.4,69.4
138.6,-33.4,71.7
138.85,-33.4,71.0
139.1,-33.4,72.9
139.35,-33.4,64.0
139.6,-33.4,59.0
139.85,-33.4,57.5
140.1,-33.4,58.9
140.35,-33.4,57.8
140.6,-33.4,54.2
140.85,-33.4,53.7
141.1,-33.4,53.6
141.35,-33.4,53.9
141.6,-33.4,54.1
141.85,-33.4,50.5
142.1,-33.4,50.8
142.35,-33.4,50.7
142.6,-33.4,51.2
142.85,-33.4,53.1
143.1,-33.4,52.2
143.35,-33.4,48.7
143.6,-33.4,48.1
143.85,-33.4,48.9
144.1,-33.4,52.1
144.35,-33.4,56.4
144.6,-33.4,57.6
144.85,-33.4,59.7
145.1,-33.4,59.4
145.35,-33.4,58.5
145.6,-33.4,58.3
145.85,-33.4,61.4
146.1,-33.4,57.8
146.35,-33.4,53.6
146.6,-33.4,51.7
146.85,-33.4,52.8
147.1,-33.4,57.9
147.35,-33.4,64.7
147.6,-33.4,65.3
147.85,-33.4,62.4
148.1,-33.4,57.0
148.35,-33.4,60.9
148.6,-33.4,65.3
148.85,-33.4,64.5
149.1,-33.4,61.2
149.35,-33.4,64.9
149.6,-33.4,69.5
149.85,-33.4,66.8
150.1,-33.4,67.7
150.35,-33.4,65.5
150.6,-33.4,64.2
150.85,-33.4,65.8
151.1,-33.4,80.0
151.35,-33.4,79.4
151.6,-33.4,88.3
115.6,-33.15,74.6
115.85,-33.15,76.9
116.1,-33.15,84.5
116.35,-33.15,85.1
116.6,-33.15,86.4
116.85,-33.15,89.2
117.1,-33.15,96.9
117.35,-33.15,103.9
117.6,-33.15,99.0
117.85,-33.15,89.3
118.1,-33.15,83.7
118.35,-33.15,82.3
118.6,-33.15,79.8
118.85,-33.15,80.3
119.1,-33.15,96.0
119.35,-33.15,90.8
119.6,-33.15,87.1
119.85,-33.15,88.8
120.1,-33.15,80.6
120.35,-33.15,76.3
120.6,-33.15,76.8
120.85,-33.15,80.8
121.1,-33.15,84.1
121.35,-33.15,88.3
121.6,-33.15,92.7
121.85,-33.15,94.0
122.1,-33.15,93.0
122.35,-33.15,91.7
122.6,-33.15,90.8
122.85,-33.15,88.9
123.1,-33.15,86.8
123.35,-33.15,88.4
123.6,-33.15,90.0
123.85,-33.15,90.9
124.1,-33.15,91.7
134.1,-33.15,78.7
134.35,-33.15,78.5
134.6,-33.15,77.2
134.85,-33.15,77.3
135.1,-33.15,79.0
135.35,-33.15,79.8
135.6,-33.15,81.4
135.85,-33.15,72.6
136.1,-33.15,70.6
136.35,-33.15,70.4
136.6,-33.15,71.1
136.85,-33.15,71.6
137.1,-33.15,72.7
137.35,-33.15,71.2
137.6,-33.15,67.9
137.85,-33.15,70.6
138.1,-33.15,66.9
138.35,-33.15,69.2
138.6,-33.15,70.0
138.85,-33.15,72.9
139.1,-33.15,69.8
139.35,-33.15,62.4
139.6,-33.15,60.8
139.85,-33.15,60.8
140.1,-33.15,59.9
140.35,-33.15,54.3
140.6,-33.15,50.4
140.85,-33.15,51.2
141.1,-33.15,54.0
141.35,-33.15,54.6
141.6,-33.15,53.3
141.85,-33.15,46.5
142.1,-33.15,44.9
142.35,-33.15,45.0
142.6,-33.15,48.1
142.85,-33.15,52.7
143.1,-33.15,54.3
143.35,-33.15,49.8
143.6,-33.15,47.6
143.85,-33.15,49.6
144.1,-33.15,52.2
144.35,-33.15,54.5
144.6,-33.15,55.8
144.85,-33.15,58.4
145.1,-33.15,60.1
145.35,-33.15,62.1
145.6,-33.15,59.1
145.85,-33.15,58.7
146.1,-33.15,57.7
146.35,-33.15,54.6
146.6,-33.15,51.6
146.85,-33.15,52.9
147.1,-33.15,55.5
147.35,-33.15,64.1
147.6,-33.15,65.8
147.85,-33.15,61.9
148.1,-33.15,58.1
148.35,-33.15,63.2
148.6,-33.15,65.1
148.85,-33.15,62.4
149.1,-33.15,56.4
149.35,-33.15,59.3
149.6,-33.15,63.4
149.85,-33.15,63.2
150.1,-33.15,65.7
150.35,-33.15,63.5
150.6,-33.15,61.2
150.85,-33.15,64.2
151.1,-33.15,73.1
151.35,-33.15,74.1
151.6,-33.15,80.4
115.6,-32.9,72.1
115.85,-32.9,76.9
116.1,-32.9,88.8
116.35,-32.9,87.8
116.6,-32.9,88.2
116.85,-32.9,91.1
117.1,-32.9,98.1
117.35,-32.9,97.1
117.6,-32.9,93.1
117.85,-32.9,87.2
118.1,-32.9,89.4
118.35,-32.9,87.7
118.6,-32.9,83.9
118.85,-32.9,90.3
119.1,-32.9,94.8
119.35,-32.9,85.7
119.6,-32.9,81.5
119.85,-32.9,81.6
120.1,-32.9,77.3
120.35,-32.9,73.9
120.6,-32.9,75.4
120.85,-32.9,79.6
121.1,-32.9,84.8
121.35,-32.9,92.1
121.6,-32.9,100.7
121.85,-32.9,96.9
122.1,-32.9,92.2
122.35,-32.9,89.0
122.6,-32.9,87.4
122.85,-32.9,86.1
123.1,-32.9,85.7
123.35,-32.9,87.0
123.6,-32.9,88.7
123.85,-32.9,89.7
124.1,-32.9,90.2
124.35,-32.9,92.2
124.6,-32.9,93.7
124.85,-32.9,96.0
134.1,-32.9,78.3
134.35,-32.9,76.6
134.6,-32.9,74.5
134.85,-32.9,74.4
135.1,-32.9,76.8
135.35,-32.9,76.8
135.6,-32.9,77.8
135.85,-32.9,76.2
136.1,-32.9,76.7
136.35,-32.9,74.0
136.6,-32.9,73.7
136.85,-32.9,73.2
137.1,-32.9,70.4
137.35,-32.9,65.4
137.6,-32.9,69.6
137.85,-32.9,74.0
138.1,-32.9,64.8
138.35,-32.9,64.5
138.6,-32.9,67.6
138.85,-32.9,63.6
139.1,-32.9,60.1
139.35,-32.9,56.0
139.6,-32.9,59.1
139.85,-32.9,61.3
140.1,-32.9,58.0
140.35,-32.9,52.0
140.6,-32.9,47.9
140.85,-32.9,47.9
141.1,-32.9,48.9
141.35,-32.9,50.1
141.6,-32.9,48.6
141.85,-32.9,43.9
142.1,-32.9,42.0
142.35,-32.9,43.3
142.6,-32.9,47.5
142.85,-32.9,53.0
143.1,-32.9,57.6
143.35,-32.9,53.4
143.6,-32.9,50.9
143.85,-32.9,53.9
144.1,-32.9,55.4
144.35,-32.9,55.2
144.6,-32.9,54.3
144.85,-32.9,56.5
145.1,-32.9,58.9
145.35,-32.9,60.1
145.6,-32.9,58.3
145.85,-32.9,55.9
146.1,-32.9,55.4
146.35,-32.9,53.9
146.6,-32.9,51.7
146.85,-32.9,54.0
147.1,-32.9,58.0
147.35,-32.9,61.3
147.6,-32.9,60.5
147.85,-32.9,59.6
148.1,-32.9,57.7
148.35,-32.9,58.2
148.6,-32.9,60.0
148.85,-32.9,61.7
149.1,-32.9,56.4
149.35,-32.9,60.0
149.6,-32.9,62.5
149.85,-32.9,61.0
150.1,-32.9,62.8
150.35,-32.9,65.4
150.6,-32.9,59.0
150.85,-32.9,55.7
151.1,-32.9,63.3
151.35,-32.9,73.8
151.6,-32.9,80.9
151.85,-32.9,80.2
152.1,-32.9,86.6
115.6,-32.65,70.9
115.85,-32.65,75.8
116.1,-32.65,90.1
116.35,-32.65,94.6
116.6,-32.65,101.2
116.85,-32.65,99.8
117.1,-32.65,96.7
117.35,-32.65,92.4
117.6,-32.65,87.4
117.85,-32.65,92.4
118.1,-32.65,92.6
118.35,-32.65,88.6
118.6,-32.65,89.2
118.85,-32.65,95.2
119.1,-32.65,94.6
119.35,-32.65,84.3
119.6,-32.65,78.2
119.85,-32.65,75.9
120.1,-32.65,74.9
120.35,-32.65,73.8
120.6,-32.65,74.6
120.85,-32.65,78.2
121.1,-32.65,84.3
121.35,-32.65,89.3
121.6,-32.65,94.2
121.85,-32.65,92.8
122.1,-32.65,89.0
122.35,-32.65,86.0
122.6,-32.65,84.0
122.85,-32.65,83.2
123.1,-32.65,83.5
123.35,-32.65,85.1
123.6,-32.65,87.1
123.85,-32.65,87.9
124.1,-32.65,89.2
124.35,-32.65,92.2
124.6,-32.65,95.2
124.85,-32.65,97.4
125.1,-32.65,98.2
125.35,-32.65,99.4
125.6,-32.65,99.2
133.35,-32.65,82.8
133.85,-32.65,85.4
134.1,-32.65,79.9
134.35,-32.65,77.0
134.6,-32.65,76.7
134.85,-32.65,76.9
135.1,-32.65,77.1
135.35,-32.65,77.2
135.6,-32.65,76.8
135.85,-32.65,75.1
136.1,-32.65,73.5
136.35,-32.65,70.4
136.6,-32.65,70.6
136.85,-32.65,70.6
137.1,-32.65,65.2
137.35,-32.65,59.6
137.6,-32.65,66.2
137.85,-32.65,70.1
138.1,-32.65,60.3
138.35,-32.65,65.4
138.6,-32.65,59.5
138.85,-32.65,55.9
139.1,-32.65,55.7
139.35,-32.65,51.9
139.6,-32.65,56.4
139.85,-32.65,59.1
140.1,-32.65,55.0
140.35,-32.65,50.0
140.6,-32.65,45.6
140.85,-32.65,44.2
141.1,-32.65,43.7
141.35,-32.65,43.2
141.6,-32.65,41.9
141.85,-32.65,40.9
142.1,-32.65,42.0
142.35,-32.65,44.1
142.6,-32.65,47.6
142.85,-32.65,51.1
143.1,-32.65,54.9
143.35,-32.65,57.7
143.6,-32.65,56.9
143.85,-32.65,59.2
144.1,-32.65,57.1
144.35,-32.65,52.6
144.6,-32.65,51.6
144.85,-32.65,53.9
145.1,-32.65,56.9
145.35,-32.65,58.2
145.6,-32.65,57.9
145.85,-32.65,57.3
146.1,-32.65,56.5
146.35,-32.65,54.9
146.6,-32.65,50.7
146.85,-32.65,54.4
147.1,-32.65,63.6
147.35,-32.65,62.1
147.6,-32.65,54.9
147.85,-32.65,56.8
148.1,-32.65,63.7
148.35,-32.65,60.6
148.6,-32.65,56.5
148.85,-32.65,58.1
149.1,-32.65,55.7
149.35,-32.65,60.0
149.6,-32.65,64.2
149.85,-32.65,60.7
150.1,-32.65,65.0
150.35,-32.65,66.7
150.6,-32.65,58.6
150.85,-32.65,57.4
151.1,-32.65,61.3
151.35,-32.65,68.4
151.6,-32.65,74.5
151.85,-32.65,77.6
152.1,-32.65,78.9
152.35,-32.65,76.5
115.6,-32.4,77.1
115.85,-32.4,85.5
116.1,-32.4,88.8
116.35,-32.4,89.6
116.6,-32.4,90.5
116.85,-32.4,89.4
117.1,-32.4,94.3
117.35,-32.4,93.5
117.6,-32.4,88.6
117.85,-32.4,97.5
118.1,-32.4,94.9
118.35,-32.4,90.2
118.6,-32.4,94.9
118.85,-32.4,99.5
119.1,-32.4,92.5
119.35,-32.4,85.0
119.6,-32.4,77.1
119.85,-32.4,74.2
120.1,-32.4,73.9
120.35,-32.4,73.9
120.6,-32.4,74.2
120.85,-32.4,77.3
121.1,-32.4,81.8
121.35,-32.4,85.2
121.6,-32.4,87.0
121.85,-32.4,86.8
122.1,-32.4,85.4
122.35,-32.4,83.0
122.6,-32.4,80.9
122.85,-32.4,79.8
123.1,-32.4,80.6
123.35,-32.4,82.7
123.6,-32.4,84.0
123.85,-32.4,84.7
124.1,-32.4,89.2
124.35,-32.4,93.7
124.6,-32.4,98.0
124.85,-32.4,100.7
125.1,-32.4,101.8
125.35,-32.4,101.4
125.6,-32.4,100.2
125.85,-32.4,105.1
126.1,-32.4,110.1
126.35,-32.4,111.2
126.6,-32.4,105.9
126.85,-32.4,99.9
127.1,-32.4,96.0
127.35,-32.4,94.8
133.35,-32.4,82.0
133.6,-32.4,81.6
133.85,-32.4,86.6
134.1,-32.4,85.6
134.35,-32.4,77.5
134.6,-32.4,78.3
134.85,-32.4,80.3
135.1,-32.4,80.0
135.35,-32.4,77.6
135.6,-32.4,74.8
135.85,-32.4,71.4
136.1,-32.4,68.6
136.35,-32.4,64.7
136.6,-32.4,64.2
136.85,-32.4,64.3
137.1,-32.4,61.0
137.35,-32.4,59.3
137.6,-32.4,63.2
137.85,-32.4,66.2
138.1,-32.4,59.4
138.35,-32.4,57.7
138.6,-32.4,52.4
138.85,-32.4,50.7
139.1,-32.4,49.3
139.35,-32.4,48.7
139.6,-32.4,51.8
139.85,-32.4,52.0
140.1,-32.4,49.0
140.35,-32.4,44.5
140.6,-32.4,41.4
140.85,-32.4,40.9
141.1,-32.4,39.6
141.35,-32.4,37.3
141.6,-32.4,35.7
141.85,-32.4,38.1
142.1,-32.4,43.5
142.35,-32.4,48.5
142.6,-32.4,47.9
142.85,-32.4,46.9
143.1,-32.4,50.3
143.35,-32.4,55.5
143.6,-32.4,56.6
143.85,-32.4,58.7
144.1,-32.4,53.8
144.35,-32.4,49.0
144.6,-32.4,49.8
144.85,-32.4,53.0
145.1,-32.4,56.2
145.35,-32.4,57.3
145.6,-32.4,57.3
145.85,-32.4,56.5
146.1,-32.4,56.0
146.35,-32.4,53.0
146.6,-32.4,46.1
146.85,-32.4,50.0
147.1,-32.4,56.8
147.35,-32.4,54.3
147.6,-32.4,52.3
147.85,-32.4,53.7
148.1,-32.4,57.6
148.35,-32.4,55.1
148.6,-32.4,53.4
148.85,-32.4,61.6
149.1,-32.4,62.6
149.35,-32.4,61.6
149.6,-32.4,62.3
149.85,-32.4,62.8
150.1,-32.4,62.3
150.35,-32.4,59.1
150.6,-32.4,56.7
150.85,-32.4,60.7
151.1,-32.4,64.8
151.35,-32.4,65.8
151.6,-32.4,66.6
151.85,-32.4,69.9
152.1,-32.4,70.8
152.35,-32.4,74.1
152.6,-32.4,87.2
115.35,-32.15,84.4
115.6,-32.15,83.8
115.85,-32.15,87.7
116.1,-32.15,87.1
116.35,-32.15,89.5
116.6,-32.15,84.2
116.85,-32.15,91.9
117.1,-32.15,98.5
117.35,-32.15,99.7
117.6,-32.15,101.0
117.85,-32.15,103.7
118.1,-32.15,95.7
118.35,-32.15,91.6
118.6,-32.15,91.5
118.85,-32.15,91.6
119.1,-32.15,92.8
119.35,-32.15,85.5
119.6,-32.15,81.2
119.85,-32.15,77.6
120.1,-32.15,77.1
120.35,-32.15,75.3
120.6,-32.15,74.7
120.85,-32.15,76.8
121.1,-32.15,80.2
121.35,-32.15,82.5
121.6,-32.15,83.7
121.85,-32.15,83.8
122.1,-32.15,83.2
122.35,-32.15,81.0
122.6,-32.15,78.0
122.85,-32.15,75.2
123.1,-32.15,78.8
123.35,-32.15,82.0
123.6,-32.15,84.1
123.85,-32.15,87.8
124.1,-32.15,92.9
124.35,-32.15,97.6
124.6,-32.15,101.6
124.85,-32.15,104.7
125.1,-32.15,106.6
125.35,-32.15,108.3
125.6,-32.15,105.7
125.85,-32.15,109.1
126.1,-32.15,113.3
126.35,-32.15,114.8
126.6,-32.15,108.1
126.85,-32.15,101.2
127.1,-32.15,97.3
127.35,-32.15,96.4
127.6,-32.15,95.3
127.85,-32.15,92.8
128.1,-32.15,88.2
132.1,-32.15,81.8
132.35,-32.15,80.0
132.85,-32.15,76.2
133.1,-32.15,76.4
133.35,-32.15,79.1
133.6,-32.15,79.1
133.85,-32.15,81.7
134.1,-32.15,83.1
134.35,-32.15,76.3
134.6,-32.15,74.5
134.85,-32.15,77.7
135.1,-32.15,78.1
135.35,-32.15,74.0
135.6,-32.15,71.2
135.85,-32.15,68.7
136.1,-32.15,66.0
136.35,-32.15,62.4
136.6,-32.15,60.1
136.85,-32.15,58.2
137.1,-32.15,57.8
137.35,-32.15,57.5
137.6,-32.15,58.7
137.85,-32.15,60.5
138.1,-32.15,55.3
138.35,-32.15,46.9
138.6,-32.15,47.9
138.85,-32.15,45.8
139.1,-32.15,41.3
139.35,-32.15,43.1
139.6,-32.15,45.5
139.85,-32.15,44.5
140.1,-32.15,43.7
140.35,-32.15,43.0
140.6,-32.15,43.4
140.85,-32.15,42.3
141.1,-32.15,41.5
141.35,-32.15,35.4
141.6,-32.15,34.0
141.85,-32.15,36.5
142.1,-32.15,44.6
142.35,-32.15,48.7
142.6,-32.15,45.7
142.85,-32.15,41.5
143.1,-32.15,44.7
143.35,-32.15,50.0
143.6,-32.15,51.4
143.85,-32.15,50.0
144.1,-32.15,46.6
144.35,-32.15,45.8
144.6,-32.15,49.2
144.85,-32.15,54.4
145.1,-32.15,57.1
145.35,-32.15,56.9
145.6,-32.15,56.0
145.85,-32.15,54.5
146.1,-32.15,53.4
146.35,-32.15,50.3
146.6,-32.15,47.2
146.85,-32.15,48.5
147.1,-32.15,50.6
147.35,-32.15,49.6
147.6,-32.15,54.5
147.85,-32.15,52.0
148.1,-32.15,47.9
148.35,-32.15,45.7
148.6,-32.15,50.8
148.85,-32.15,58.0
149.1,-32.15,58.7
149.35,-32.15,59.3
149.6,-32.15,63.2
149.85,-32.15,62.6
150.1,-32.15,64.1
150.35,-32.15,59.1
150.6,-32.15,59.4
150.85,-32.15,56.2
151.1,-32.15,60.1
151.35,-32.15,69.8
151.6,-32.15,71.4
151.85,-32.15,72.6
152.1,-32.15,70.2
152.35,-32.15,75.0
152.6,-32.15,81.6
115.35,-31.9,84.4
115.6,-31.9,86.8
115.85,-31.9,90.9
116.1,-31.9,90.2
116.35,-31.9,91.6
116.6,-31.9,86.4
116.85,-31.9,90.6
117.1,-31.9,99.2
117.35,-31.9,105.4
117.6,-31.9,104.2
117.85,-31.9,95.9
118.1,-31.9,82.1
118.35,-31.9,78.3
118.6,-31.9,83.9
118.85,-31.9,89.5
119.1,-31.9,91.6
119.35,-31.9,87.5
119.6,-31.9,86.4
119.85,-31.9,84.0
120.1,-31.9,82.4
120.35,-31.9,79.6
120.6,-31.9,77.2
120.85,-31.9,77.9
121.1,-31.9,79.8
121.35,-31.9,81.5
121.6,-31.9,83.1
121.85,-31.9,84.2
122.1,-31.9,83.9
122.35,-31.9,81.5
122.6,-31.9,78.2
122.85,-31.9,76.7
123.1,-31.9,80.6
123.35,-31.9,84.4
123.6,-31.9,88.3
123.85,-31.9,92.5
124.1,-31.9,97.6
124.35,-31.9,101.9
124.6,-31.9,105.5
124.85,-31.9,107.7
125.1,-31.9,109.1
125.35,-31.9,111.8
125.6,-31.9,111.0
125.85,-31.9,111.9
126.1,-31.9,115.0
126.35,-31.9,113.9
126.6,-31.9,108.4
126.85,-31.9,103.4
127.1,-31.9,101.1
127.35,-31.9,100.0
127.6,-31.9,98.2
127.85,-31.9,95.9
128.1,-31.9,90.4
128.35,-31.9,84.4
128.6,-31.9,85.1
128.85,-31.9,85.2
131.85,-31.9,87.5
132.1,-31.9,83.5
132.35,-31.9,80.8
132.6,-31.9,81.6
132.85,-31.9,77.3
133.1,-31.9,77.4
133.35,-31.9,82.2
133.6,-31.9,78.4
133.85,-31.9,73.8
134.1,-31.9,75.0
134.35,-31.9,72.0
134.6,-31.9,70.0
134.85,-31.9,69.5
135.1,-31.9,67.1
135.35,-31.9,66.5
135.6,-31.9,67.0
135.85,-31.9,66.4
136.1,-31.9,64.9
136.35,-31.9,60.8
136.6,-31.9,56.6
136.85,-31.9,53.2
137.1,-31.9,51.6
137.35,-31.9,51.6
137.6,-31.9,54.8
137.85,-31.9,55.2
138.1,-31.9,52.2
138.35,-31.9,47.6
138.6,-31.9,44.9
138.85,-31.9,36.6
139.1,-31.9,35.3
139.35,-31.9,39.7
139.6,-31.9,43.1
139.85,-31.9,41.9
140.1,-31.9,42.4
140.35,-31.9,45.5
140.6,-31.9,44.7
140.85,-31.9,39.9
141.1,-31.9,38.3
141.35,-31.9,34.9
141.6,-31.9,36.7
141.85,-31.9,38.8
142.1,-31.9,45.4
142.35,-31.9,47.9
142.6,-31.9,44.2
142.85,-31.9,40.6
143.1,-31.9,42.7
143.35,-31.9,49.7
143.6,-31.9,49.8
143.85,-31.9,47.1
144.1,-31.9,44.5
144.35,-31.9,45.4
144.6,-31.9,50.8
144.85,-31.9,58.1
145.1,-31.9,58.8
145.35,-31.9,55.7
145.6,-31.9,54.2
145.85,-31.9,52.9
146.1,-31.9,52.6
146.35,-31.9,54.7
146.6,-31.9,54.1
146.85,-31.9,52.8
147.1,-31.9,53.5
147.35,-31.9,53.6
147.6,-31.9,56.4
147.85,-31.9,54.2
148.1,-31.9,48.3
148.35,-31.9,46.6
148.6,-31.9,53.6
148.85,-31.9,59.2
149.1,-31.9,59.9
149.35,-31.9,59.1
149.6,-31.9,64.0
149.85,-31.9,63.2
150.1,-31.9,60.7
150.35,-31.9,57.5
150.6,-31.9,55.5
150.85,-31.9,56.1
151.1,-31.9,54.4
151.35,-31.9,64.6
151.6,-31.9,68.8
151.85,-31.9,64.5
152.1,-31.9,66.6
152.35,-31.9,69.3
152.6,-31.9,71.1
152.85,-31.9,68.4
115.6,-31.65,79.0
115.85,-31.65,86.4
116.1,-31.65,90.0
116.35,-31.65,93.4
116.6,-31.65,94.8
116.85,-31.65,99.1
117.1,-31.65,89.2
117.35,-31.65,96.7
117.6,-31.65,95.8
117.85,-31.65,89.1
118.1,-31.65,82.9
118.35,-31.65,81.3
118.6,-31.65,82.3
118.85,-31.65,87.6
119.1,-31.65,91.1
119.35,-31.65,85.6
119.6,-31.65,89.5
119.85,-31.65,90.9
120.1,-31.65,88.4
120.35,-31.65,84.4
120.6,-31.65,81.2
120.85,-31.65,79.5
121.1,-31.65,79.4
121.35,-31.65,80.3
121.6,-31.65,83.1
121.85,-31.65,86.5
122.1,-31.65,87.4
122.35,-31.65,85.5
122.6,-31.65,83.1
122.85,-31.65,82.9
123.1,-31.65,85.0
123.35,-31.65,88.4
123.6,-31.65,92.2
123.85,-31.65,96.5
124.1,-31.65,100.7
124.35,-31.65,105.1
124.6,-31.65,108.3
124.85,-31.65,109.7
125.1,-31.65,109.6
125.35,-31.65,111.0
125.6,-31.65,112.5
125.85,-31.65,113.5
126.1,-31.65,115.1
126.35,-31.65,114.7
126.6,-31.65,111.1
126.85,-31.65,110.1
127.1,-31.65,108.6
127.35,-31.65,106.2
127.6,-31.65,103.8
127.85,-31.65,102.4
128.1,-31.65,97.0
128.35,-31.65,91.9
128.6,-31.65,90.6
128.85,-31.65,91.8
129.1,-31.65,95.0
129.35,-31.65,96.0
129.6,-31.65,96.7
129.85,-31.65,97.5
130.1,-31.65,97.5
130.35,-31.65,97.7
130.6,-31.65,98.4
130.85,-31.65,99.2
131.1,-31.65,98.3
131.35,-31.65,95.2
131.6,-31.65,92.0
131.85,-31.65,89.9
132.1,-31.65,87.2
132.35,-31.65,83.6
132.6,-31.65,81.8
132.85,-31.65,79.3
133.1,-31.65,79.0
133.35,-31.65,80.3
133.6,-31.65,76.9
133.85,-31.65,72.6
134.1,-31.65,70.6
134.35,-31.65,68.2
134.6,-31.65,65.7
134.85,-31.65,63.0
135.1,-31.65,60.8
135.35,-31.65,63.2
135.6,-31.65,67.1
135.85,-31.65,68.2
136.1,-31.65,65.7
136.35,-31.65,60.4
136.6,-31.65,55.3
136.85,-31.65,51.4
137.1,-31.65,48.8
137.35,-31.65,51.3
137.6,-31.65,55.5
137.85,-31.65,54.3
138.1,-31.65,52.4
138.35,-31.65,51.4
138.6,-31.65,46.0
138.85,-31.65,37.1
139.1,-31.65,35.6
139.35,-31.65,38.5
139.6,-31.65,41.5
139.85,-31.65,39.7
140.1,-31.65,40.5
140.35,-31.65,42.5
140.6,-31.65,36.4
140.85,-31.65,35.5
141.1,-31.65,34.0
141.35,-31.65,34.1
141.6,-31.65,36.3
141.85,-31.65,38.7
142.1,-31.65,43.1
142.35,-31.65,48.1
142.6,-31.65,44.0
142.85,-31.65,41.4
143.1,-31.65,44.6
143.35,-31.65,52.2
143.6,-31.65,52.1
143.85,-31.65,47.0
144.1,-31.65,44.0
144.35,-31.65,45.9
144.6,-31.65,52.3
144.85,-31.65,59.8
145.1,-31.65,58.3
145.35,-31.65,54.7
145.6,-31.65,53.9
145.85,-31.65,52.1
146.1,-31.65,49.9
146.35,-31.65,53.2
146.6,-31.65,55.4
146.85,-31.65,55.3
147.1,-31.65,55.3
147.35,-31.65,53.8
147.6,-31.65,54.1
147.85,-31.65,51.2
148.1,-31.65,50.0
148.35,-31.65,49.1
148.6,-31.65,52.9
148.85,-31.65,58.6
149.1,-31.65,58.1
149.35,-31.65,59.4
149.6,-31.65,62.4
149.85,-31.65,59.7
150.1,-31.65,56.8
150.35,-31.65,55.1
150.6,-31.65,59.4
150.85,-31.65,54.7
151.1,-31.65,50.9
151.35,-31.65,62.8
151.6,-31.65,66.1
151.85,-31.65,69.6
152.1,-31.65,73.1
152.35,-31.65,71.0
152.6,-31.65,69.3
152.85,-31.65,64.3
115.35,-31.4,83.4
115.6,-31.4,79.9
115.85,-31.4,80.7
116.1,-31.4,92.9
116.35,-31.4,91.0
116.6,-31.4,92.2
116.85,-31.4,91.7
117.1,-31.4,93.5
117.35,-31.4,101.0
117.6,-31.4,96.5
117.85,-31.4,82.6
118.1,-31.4,81.5
118.35,-31.4,88.9
118.6,-31.4,89.7
118.85,-31.4,90.1
119.1,-31.4,91.4
119.35,-31.4,91.1
119.6,-31.4,95.1
119.85,-31.4,99.1
120.1,-31.4,96.8
120.35,-31.4,89.4
120.6,-31.4,84.4
120.85,-31.4,80.9
121.1,-31.4,79.0
121.35,-31.4,80.0
121.6,-31.4,85.7
121.85,-31.4,91.5
122.1,-31.4,93.2
122.35,-31.4,92.1
122.6,-31.4,90.2
122.85,-31.4,88.9
123.1,-31.4,89.8
123.35,-31.4,92.7
123.6,-31.4,95.9
123.85,-31.4,99.0
124.1,-31.4,103.0
124.35,-31.4,106.8
124.6,-31.4,110.3
124.85,-31.4,112.1
125.1,-31.4,113.2
125.35,-31.4,115.2
125.6,-31.4,114.4
125.85,-31.4,114.9
126.1,-31.4,116.5
126.35,-31.4,119.0
126.6,-31.4,119.9
126.85,-31.4,119.6
127.1,-31.4,117.5
127.35,-31.4,113.1
127.6,-31.4,108.9
127.85,-31.4,105.4
128.1,-31.4,100.8
128.35,-31.4,99.1
128.6,-31.4,98.8
128.85,-31.4,100.9
129.1,-31.4,101.3
129.35,-31.4,100.4
129.6,-31.4,100.0
129.85,-31.4,100.1
130.1,-31.4,99.7
130.35,-31.4,99.6
130.6,-31.4,99.9
130.85,-31.4,100.0
131.1,-31.4,99.2
131.35,-31.4,96.4
131.6,-31.4,93.4
131.85,-31.4,90.6
132.1,-31.4,88.6
132.35,-31.4,84.9
132.6,-31.4,81.7
132.85,-31.4,79.2
133.1,-31.4,78.6
133.35,-31.4,77.6
133.6,-31.4,74.8
133.85,-31.4,71.7
134.1,-31.4,68.9
134.35,-31.4,67.0
134.6,-31.4,64.6
134.85,-31.4,62.0
135.1,-31.4,62.0
135.35,-31.4,65.9
135.6,-31.4,71.6
135.85,-31.4,74.7
136.1,-31.4,68.9
136.35,-31.4,61.6
136.6,-31.4,56.4
136.85,-31.4,52.8
137.1,-31.4,51.2
137.35,-31.4,53.4
137.6,-31.4,55.5
137.85,-31.4,53.3
138.1,-31.4,51.6
138.35,-31.4,52.2
138.6,-31.4,47.7
138.85,-31.4,41.3
139.1,-31.4,37.5
139.35,-31.4,34.6
139.6,-31.4,34.5
139.85,-31.4,33.9
140.1,-31.4,35.3
140.35,-31.4,36.3
140.6,-31.4,34.8
140.85,-31.4,32.9
141.1,-31.4,31.0
141.35,-31.4,31.2
141.6,-31.4,32.2
141.85,-31.4,34.6
142.1,-31.4,39.3
142.35,-31.4,45.4
142.6,-31.4,40.5
142.85,-31.4,39.7
143.1,-31.4,43.2
143.35,-31.4,49.0
143.6,-31.4,51.3
143.85,-31.4,46.3
144.1,-31.4,43.3
144.35,-31.4,46.6
144.6,-31.4,52.1
144.85,-31.4,55.9
145.1,-31.4,55.4
145.35,-31.4,54.3
145.6,-31.4,53.9
145.85,-31.4,49.5
146.1,-31.4,46.8
146.35,-31.4,47.6
146.6,-31.4,50.5
146.85,-31.4,50.2
147.1,-31.4,49.3
147.35,-31.4,50.0
147.6,-31.4,49.1
147.85,-31.4,47.3
148.1,-31.4,50.4
148.35,-31.4,51.1
148.6,-31.4,50.8
148.85,-31.4,52.3
149.1,-31.4,49.8
149.35,-31.4,52.8
149.6,-31.4,57.1
149.85,-31.4,52.5
150.1,-31.4,51.6
150.35,-31.4,56.1
150.6,-31.4,57.4
150.85,-31.4,59.3
151.1,-31.4,61.1
151.35,-31.4,60.4
151.6,-31.4,63.7
151.85,-31.4,78.0
152.1,-31.4,104.8
152.35,-31.4,76.7
152.6,-31.4,66.0
152.85,-31.4,63.4
115.35,-31.15,89.3
115.6,-31.15,85.8
115.85,-31.15,86.5
116.1,-31.15,85.3
116.35,-31.15,84.5
116.6,-31.15,91.6
116.85,-31.15,92.8
117.1,-31.15,87.5
117.35,-31.15,82.2
117.6,-31.15,87.4
117.85,-31.15,82.5
118.1,-31.15,79.7
118.35,-31.15,83.6
118.6,-31.15,89.0
118.85,-31.15,91.0
119.1,-31.15,92.8
119.35,-31.15,91.3
119.6,-31.15,101.1
119.85,-31.15,104.5
120.1,-31.15,102.1
120.35,-31.15,93.8
120.6,-31.15,87.5
120.85,-31.15,83.5
121.1,-31.15,80.3
121.35,-31.15,80.8
121.6,-31.15,90.9
121.85,-31.15,100.4
122.1,-31.15,102.2
122.35,-31.15,99.6
122.6,-31.15,95.7
122.85,-31.15,94.4
123.1,-31.15,93.6
123.35,-31.15,96.1
123.6,-31.15,98.6
123.85,-31.15,100.9
124.1,-31.15,103.5
124.35,-31.15,108.0
124.6,-31.15,110.0
124.85,-31.15,109.7
125.1,-31.15,116.0
125.35,-31.15,119.5
125.6,-31.15,116.1
125.85,-31.15,114.9
126.1,-31.15,116.8
126.35,-31.15,122.8
126.6,-31.15,128.3
126.85,-31.15,129.1
127.1,-31.15,124.9
127.35,-31.15,119.5
127.6,-31.15,112.9
127.85,-31.15,105.7
128.1,-31.15,101.5
128.35,-31.15,104.1
128.6,-31.15,106.3
128.85,-31.15,107.1
129.1,-31.15,106.8
129.35,-31.15,105.4
129.6,-31.15,104.2
129.85,-31.15,103.5
130.1,-31.15,102.4
130.35,-31.15,101.8
130.6,-31.15,101.5
130.85,-31.15,101.5
131.1,-31.15,100.2
131.35,-31.15,97.8
131.6,-31.15,94.2
131.85,-31.15,90.8
132.1,-31.15,87.3
132.35,-31.15,83.3
132.6,-31.15,79.8
132.85,-31.15,77.9
133.1,-31.15,77.2
133.35,-31.15,76.1
133.6,-31.15,74.3
133.85,-31.15,71.6
134.1,-31.15,70.0
134.35,-31.15,69.5
134.6,-31.15,67.9
134.85,-31.15,64.9
135.1,-31.15,62.9
135.35,-31.15,67.0
135.6,-31.15,78.1
135.85,-31.15,87.7
136.1,-31.15,74.6
136.35,-31.15,62.9
136.6,-31.15,57.2
136.85,-31.15,55.9
137.1,-31.15,56.3
137.35,-31.15,55.6
137.6,-31.15,55.1
137.85,-31.15,53.2
138.1,-31.15,50.1
138.35,-31.15,49.7
138.6,-31.15,47.5
138.85,-31.15,39.2
139.1,-31.15,33.8
139.35,-31.15,31.7
139.6,-31.15,29.8
139.85,-31.15,28.9
140.1,-31.15,30.9
140.35,-31.15,31.8
140.6,-31.15,31.5
140.85,-31.15,30.0
141.1,-31.15,28.5
141.35,-31.15,28.1
141.6,-31.15,27.5
141.85,-31.15,29.4
142.1,-31.15,34.8
142.35,-31.15,38.2
142.6,-31.15,37.0
142.85,-31.15,37.2
143.1,-31.15,39.7
143.35,-31.15,42.7
143.6,-31.15,45.3
143.85,-31.15,44.5
144.1,-31.15,44.6
144.35,-31.15,47.9
144.6,-31.15,52.7
144.85,-31.15,55.6
145.1,-31.15,56.7
145.35,-31.15,56.6
145.6,-31.15,53.8
145.85,-31.15,49.1
146.1,-31.15,44.0
146.35,-31.15,43.6
146.6,-31.15,44.7
146.85,-31.15,44.6
147.1,-31.15,46.2
147.35,-31.15,48.6
147.6,-31.15,48.8
147.85,-31.15,48.9
148.1,-31.15,52.5
148.35,-31.15,55.2
148.6,-31.15,53.1
148.85,-31.15,51.2
149.1,-31.15,48.1
149.35,-31.15,48.6
149.6,-31.15,52.7
149.85,-31.15,53.1
150.1,-31.15,59.0
150.35,-31.15,59.4
150.6,-31.15,56.9
150.85,-31.15,61.6
151.1,-31.15,55.5
151.35,-31.15,61.0
151.6,-31.15,66.5
151.85,-31.15,70.3
152.1,-31.15,79.4
152.35,-31.15,65.2
152.6,-31.15,68.2
152.85,-31.15,67.1
153.1,-31.15,70.6
115.1,-30.9,77.9
115.35,-30.9,84.4
115.6,-30.9,87.9
115.85,-30.9,87.8
116.1,-30.9,88.3
116.35,-30.9,91.1
116.6,-30.9,89.8
116.85,-30.9,89.3
117.1,-30.9,86.0
117.35,-30.9,82.0
117.6,-30.9,79.2
117.85,-30.9,77.1
118.1,-30.9,77.7
118.35,-30.9,84.0
118.6,-30.9,90.7
118.85,-30.9,96.0
119.1,-30.9,99.1
119.35,-30.9,93.5
119.6,-30.9,104.1
119.85,-30.9,106.9
120.1,-30.9,104.3
120.35,-30.9,99.4
120.6,-30.9,93.8
120.85,-30.9,89.0
121.1,-30.9,83.6
121.35,-30.9,84.9
121.6,-30.9,103.8
121.85,-30.9,114.7
122.1,-30.9,111.4
122.35,-30.9,105.3
122.6,-30.9,99.4
122.85,-30.9,99.0
123.1,-30.9,97.2
123.35,-30.9,99.2
123.6,-30.9,102.4
123.85,-30.9,104.7
124.1,-30.9,106.7
124.35,-30.9,109.3
124.6,-30.9,109.7
124.85,-30.9,106.8
125.1,-30.9,118.3
125.35,-30.9,124.6
125.6,-30.9,120.7
125.85,-30.9,119.3
126.1,-30.9,120.1
126.35,-30.9,127.0
126.6,-30.9,133.9
126.85,-30.9,134.4
127.1,-30.9,129.2
127.35,-30.9,124.6
127.6,-30.9,115.7
127.85,-30.9,106.3
128.1,-30.9,98.6
128.35,-30.9,108.2
128.6,-30.9,112.1
128.85,-30.9,112.6
129.1,-30.9,111.0
129.35,-30.9,109.5
129.6,-30.9,107.8
129.85,-30.9,106.3
130.1,-30.9,104.9
130.35,-30.9,103.9
130.6,-30.9,103.0
130.85,-30.9,102.8
131.1,-30.9,100.9
131.35,-30.9,98.2
131.6,-30.9,94.3
131.85,-30.9,89.5
132.1,-30.9,84.6
132.35,-30.9,79.6
132.6,-30.9,75.2
132.85,-30.9,73.4
133.1,-30.9,74.1
133.35,-30.9,74.9
133.6,-30.9,74.1
133.85,-30.9,71.1
134.1,-30.9,71.5
134.35,-30.9,74.5
134.6,-30.9,74.9
134.85,-30.9,70.5
135.1,-30.9,68.2
135.35,-30.9,69.8
135.6,-30.9,79.5
135.85,-30.9,86.2
136.1,-30.9,75.7
136.35,-30.9,60.7
136.6,-30.9,53.3
136.85,-30.9,51.1
137.1,-30.9,54.7
137.35,-30.9,56.3
137.6,-30.9,56.2
137.85,-30.9,54.6
138.1,-30.9,53.0
138.35,-30.9,54.4
138.6,-30.9,49.6
138.85,-30.9,41.2
139.1,-30.9,34.7
139.35,-30.9,31.2
139.6,-30.9,29.3
139.85,-30.9,28.8
140.1,-30.9,29.2
140.35,-30.9,29.5
140.6,-30.9,29.6
140.85,-30.9,29.4
141.1,-30.9,27.4
141.35,-30.9,25.9
141.6,-30.9,25.3
141.85,-30.9,26.4
142.1,-30.9,30.8
142.35,-30.9,34.8
142.6,-30.9,34.7
142.85,-30.9,35.8
143.1,-30.9,38.5
143.35,-30.9,40.7
143.6,-30.9,42.8
143.85,-30.9,44.4
144.1,-30.9,46.6
144.35,-30.9,50.3
144.6,-30.9,54.3
144.85,-30.9,56.8
145.1,-30.9,58.9
145.35,-30.9,59.1
145.6,-30.9,54.5
145.85,-30.9,48.7
146.1,-30.9,42.9
146.35,-30.9,42.4
146.6,-30.9,43.9
146.85,-30.9,45.4
147.1,-30.9,48.5
147.35,-30.9,50.4
147.6,-30.9,50.6
147.85,-30.9,50.7
148.1,-30.9,53.7
148.35,-30.9,57.0
148.6,-30.9,56.5
148.85,-30.9,55.1
149.1,-30.9,55.4
149.35,-30.9,52.6
149.6,-30.9,52.5
149.85,-30.9,52.9
150.1,-30.9,58.9
150.35,-30.9,58.9
150.6,-30.9,58.1
150.85,-30.9,58.2
151.1,-30.9,52.9
151.35,-30.9,60.5
151.6,-30.9,66.5
151.85,-30.9,72.4
152.1,-30.9,65.2
152.35,-30.9,60.0
152.6,-30.9,61.4
152.85,-30.9,68.0
153.1,-30.9,73.0
115.1,-30.65,72.2
115.35,-30.65,74.0
115.6,-30.65,77.2
115.85,-30.65,81.1
116.1,-30.65,81.6
116.35,-30.65,84.6
116.6,-30.65,82.2
116.85,-30.65,85.0
117.1,-30.65,79.8
117.35,-30.65,80.2
117.6,-30.65,77.7
117.85,-30.65,77.8
118.1,-30.65,82.7
118.35,-30.65,87.9
118.6,-30.65,89.9
118.85,-30.65,94.7
119.1,-30.65,98.0
119.35,-30.65,101.2
119.6,-30.65,107.5
119.85,-30.65,108.0
120.1,-30.65,106.1
120.35,-30.65,104.2
120.6,-30.65,102.7
120.85,-30.65,100.4
121.1,-30.65,93.3
121.35,-30.65,95.2
121.6,-30.65,111.3
121.85,-30.65,120.8
122.1,-30.65,118.0
122.35,-30.65,112.8
122.6,-30.65,108.0
122.85,-30.65,105.6
123.1,-30.65,105.2
123.35,-30.65,104.0
123.6,-30.65,106.7
123.85,-30.65,110.3
124.1,-30.65,111.2
124.35,-30.65,113.3
124.6,-30.65,113.8
124.85,-30.65,114.5
125.1,-30.65,123.4
125.35,-30.65,132.2
125.6,-30.65,128.7
125.85,-30.65,126.9
126.1,-30.65,128.6
126.35,-30.65,133.4
126.6,-30.65,137.6
126.85,-30.65,138.1
127.1,-30.65,134.1
127.35,-30.65,128.8
127.6,-30.65,121.8
127.85,-30.65,113.0
128.1,-30.65,108.1
128.35,-30.65,113.7
128.6,-30.65,117.1
128.85,-30.65,117.0
129.1,-30.65,115.2
129.35,-30.65,113.2
129.6,-30.65,111.3
129.85,-30.65,109.7
130.1,-30.65,107.7
130.35,-30.65,106.1
130.6,-30.65,104.0
130.85,-30.65,104.0
131.1,-30.65,101.9
131.35,-30.65,97.6
131.6,-30.65,93.1
131.85,-30.65,87.2
132.1,-30.65,81.6
132.35,-30.65,74.6
132.6,-30.65,68.2
132.85,-30.65,68.1
133.1,-30.65,70.5
133.35,-30.65,73.3
133.6,-30.65,74.3
133.85,-30.65,70.7
134.1,-30.65,72.4
134.35,-30.65,79.0
134.6,-30.65,82.2
134.85,-30.65,77.6
135.1,-30.65,76.0
135.35,-30.65,78.5
135.6,-30.65,79.4
135.85,-30.65,73.8
136.1,-30.65,63.2
136.35,-30.65,51.5
136.6,-30.65,44.5
136.85,-30.65,43.2
137.1,-30.65,50.2
137.35,-30.65,55.8
137.6,-30.65,56.7
137.85,-30.65,56.0
138.1,-30.65,54.0
138.35,-30.65,51.1
138.6,-30.65,47.6
138.85,-30.65,43.5
139.1,-30.65,37.1
139.35,-30.65,31.6
139.6,-30.65,30.0
139.85,-30.65,29.3
140.1,-30.65,28.9
140.35,-30.65,28.3
140.6,-30.65,27.8
140.85,-30.65,27.1
141.1,-30.65,26.1
141.35,-30.65,26.1
141.6,-30.65,25.2
141.85,-30.65,25.1
142.1,-30.65,27.7
142.35,-30.65,31.4
142.6,-30.65,34.1
142.85,-30.65,36.8
143.1,-30.65,40.0
143.35,-30.65,42.5
143.6,-30.65,43.7
143.85,-30.65,45.6
144.1,-30.65,48.6
144.35,-30.65,51.8
144.6,-30.65,54.6
144.85,-30.65,56.8
145.1,-30.65,57.7
145.35,-30.65,59.0
145.6,-30.65,56.0
145.85,-30.65,50.9
146.1,-30.65,46.8
146.35,-30.65,44.9
146.6,-30.65,45.8
146.85,-30.65,47.8
147.1,-30.65,51.0
147.35,-30.65,53.7
147.6,-30.65,53.2
147.85,-30.65,53.0
148.1,-30.65,52.4
148.35,-30.65,51.9
148.6,-30.65,51.7
148.85,-30.65,50.6
149.1,-30.65,51.4
149.35,-30.65,53.0
149.6,-30.65,54.6
149.85,-30.65,54.7
150.1,-30.65,59.8
150.35,-30.65,66.5
150.6,-30.65,65.4
150.85,-30.65,64.7
151.1,-30.65,59.9
151.35,-30.65,59.3
151.6,-30.65,69.1
151.85,-30.65,68.0
152.1,-30.65,62.0
152.35,-30.65,61.3
152.6,-30.65,67.8
152.85,-30.65,74.3
153.1,-30.65,79.3
115.1,-30.4,71.2
115.35,-30.4,71.7
115.6,-30.4,69.7
115.85,-30.4,69.3
116.1,-30.4,76.4
116.35,-30.4,75.4
116.6,-30.4,78.7
116.85,-30.4,84.8
117.1,-30.4,87.2
117.35,-30.4,76.5
117.6,-30.4,76.1
117.85,-30.4,75.7
118.1,-30.4,77.1
118.35,-30.4,82.5
118.6,-30.4,87.2
118.85,-30.4,92.3
119.1,-30.4,97.4
119.35,-30.4,101.6
119.6,-30.4,105.6
119.85,-30.4,106.3
120.1,-30.4,106.6
120.35,-30.4,106.8
120.6,-30.4,108.2
120.85,-30.4,109.7
121.1,-30.4,101.4
121.35,-30.4,101.7
121.6,-30.4,108.3
121.85,-30.4,113.8
122.1,-30.4,116.6
122.35,-30.4,115.4
122.6,-30.4,113.6
122.85,-30.4,112.7
123.1,-30.4,112.3
123.35,-30.4,111.3
123.6,-30.4,111.7
123.85,-30.4,114.2
124.1,-30.4,114.9
124.35,-30.4,118.1
124.6,-30.4,119.8
124.85,-30.4,123.0
125.1,-30.4,127.5
125.35,-30.4,132.8
125.6,-30.4,133.4
125.85,-30.4,133.7
126.1,-30.4,135.5
126.35,-30.4,138.1
126.6,-30.4,141.5
126.85,-30.4,141.9
127.1,-30.4,140.0
127.35,-30.4,135.4
127.6,-30.4,129.3
127.85,-30.4,123.4
128.1,-30.4,121.1
128.35,-30.4,121.7
128.6,-30.4,122.7
128.85,-30.4,122.6
129.1,-30.4,120.6
129.35,-30.4,119.0
129.6,-30.4,116.5
129.85,-30.4,114.6
130.1,-30.4,112.2
130.35,-30.4,109.7
130.6,-30.4,107.6
130.85,-30.4,105.6
131.1,-30.4,103.5
131.35,-30.4,97.9
131.6,-30.4,92.4
131.85,-30.4,86.4
132.1,-30.4,79.9
132.35,-30.4,73.3
132.6,-30.4,66.3
132.85,-30.4,67.3
133.1,-30.4,70.6
133.35,-30.4,74.5
133.6,-30.4,76.5
133.85,-30.4,75.9
134.1,-30.4,76.5
134.35,-30.4,80.0
134.6,-30.4,82.6
134.85,-30.4,81.6
135.1,-30.4,81.0
135.35,-30.4,83.2
135.6,-30.4,78.1
135.85,-30.4,64.3
136.1,-30.4,51.9
136.35,-30.4,41.7
136.6,-30.4,37.9
136.85,-30.4,38.7
137.1,-30.4,47.9
137.35,-30.4,54.4
137.6,-30.4,55.9
137.85,-30.4,56.5
138.1,-30.4,54.8
138.35,-30.4,52.5
138.6,-30.4,48.5
138.85,-30.4,46.7
139.1,-30.4,44.3
139.35,-30.4,32.8
139.6,-30.4,31.0
139.85,-30.4,31.0
140.1,-30.4,29.5
140.35,-30.4,27.9
140.6,-30.4,26.4
140.85,-30.4,25.7
141.1,-30.4,25.9
141.35,-30.4,27.2
141.6,-30.4,25.7
141.85,-30.4,25.5
142.1,-30.4,27.9
142.35,-30.4,31.5
142.6,-30.4,34.6
142.85,-30.4,38.3
143.1,-30.4,41.4
143.35,-30.4,43.2
143.6,-30.4,45.4
143.85,-30.4,47.8
144.1,-30.4,50.2
144.35,-30.4,53.0
144.6,-30.4,55.0
144.85,-30.4,56.6
145.1,-30.4,57.2
145.35,-30.4,60.5
145.6,-30.4,60.3
145.85,-30.4,55.8
146.1,-30.4,52.1
146.35,-30.4,49.5
146.6,-30.4,49.2
146.85,-30.4,50.3
147.1,-30.4,51.6
147.35,-30.4,54.0
147.6,-30.4,55.4
147.85,-30.4,53.0
148.1,-30.4,50.0
148.35,-30.4,47.1
148.6,-30.4,45.7
148.85,-30.4,44.3
149.1,-30.4,46.5
149.35,-30.4,52.0
149.6,-30.4,56.6
149.85,-30.4,55.8
150.1,-30.4,55.0
150.35,-30.4,59.7
150.6,-30.4,60.6
150.85,-30.4,65.8
151.1,-30.4,63.6
151.35,-30.4,70.7
151.6,-30.4,72.8
151.85,-30.4,64.4
152.1,-30.4,69.0
152.35,-30.4,76.2
152.6,-30.4,80.7
152.85,-30.4,79.4
153.1,-30.4,80.8
114.85,-30.15,63.1
115.1,-30.15,66.4
115.35,-30.15,68.2
115.6,-30.15,69.2
115.85,-30.15,69.2
116.1,-30.15,74.8
116.35,-30.15,77.3
116.6,-30.15,78.6
116.85,-30.15,84.9
117.1,-30.15,85.6
117.35,-30.15,71.4
117.6,-30.15,73.2
117.85,-30.15,75.2
118.1,-30.15,72.5
118.35,-30.15,77.5
118.6,-30.15,83.8
118.85,-30.15,89.5
119.1,-30.15,96.5
119.35,-30.15,101.1
119.6,-30.15,103.4
119.85,-30.15,104.1
120.1,-30.15,104.0
120.35,-30.15,103.5
120.6,-30.15,102.7
120.85,-30.15,102.4
121.1,-30.15,101.3
121.35,-30.15,102.3
121.6,-30.15,105.8
121.85,-30.15,110.8
122.1,-30.15,115.2
122.35,-30.15,118.5
122.6,-30.15,119.6
122.85,-30.15,118.2
123.1,-30.15,117.1
123.35,-30.15,116.4
123.6,-30.15,117.3
123.85,-30.15,117.6
124.1,-30.15,119.9
124.35,-30.15,121.6
124.6,-30.15,123.9
124.85,-30.15,128.7
125.1,-30.15,132.7
125.35,-30.15,136.3
125.6,-30.15,138.4
125.85,-30.15,139.1
126.1,-30.15,140.9
126.35,-30.15,143.5
126.6,-30.15,146.3
126.85,-30.15,147.2
127.1,-30.15,146.0
127.35,-30.15,142.6
127.6,-30.15,138.1
127.85,-30.15,134.3
128.1,-30.15,131.3
128.35,-30.15,129.9
128.6,-30.15,129.3
128.85,-30.15,127.8
129.1,-30.15,126.6
129.35,-30.15,124.3
129.6,-30.15,121.9
129.85,-30.15,120.1
130.1,-30.15,117.2
130.35,-30.15,114.2
130.6,-30.15,111.4
130.85,-30.15,107.8
131.1,-30.15,104.0
131.35,-30.15,96.9
131.6,-30.15,90.8
131.85,-30.15,86.1
132.1,-30.15,80.8
132.35,-30.15,75.3
132.6,-30.15,71.3
132.85,-30.15,71.2
133.1,-30.15,73.6
133.35,-30.15,75.8
133.6,-30.15,77.0
133.85,-30.15,76.9
134.1,-30.15,76.9
134.35,-30.15,78.0
134.6,-30.15,79.9
134.85,-30.15,79.8
135.1,-30.15,78.6
135.35,-30.15,76.5
135.6,-30.15,71.7
135.85,-30.15,58.2
136.1,-30.15,46.0
136.35,-30.15,38.1
136.6,-30.15,35.6
136.85,-30.15,37.5
137.1,-30.15,43.2
137.35,-30.15,48.7
137.6,-30.15,52.1
137.85,-30.15,55.0
138.1,-30.15,56.8
138.35,-30.15,53.6
138.6,-30.15,49.0
138.85,-30.15,47.4
139.1,-30.15,45.4
139.35,-30.15,40.2
139.6,-30.15,35.9
139.85,-30.15,34.7
140.1,-30.15,31.3
140.35,-30.15,28.1
140.6,-30.15,26.2
140.85,-30.15,26.3
141.1,-30.15,26.9
141.35,-30.15,26.2
141.6,-30.15,26.4
141.85,-30.15,27.8
142.1,-30.15,30.7
142.35,-30.15,34.8
142.6,-30.15,37.4
142.85,-30.15,39.8
143.1,-30.15,41.8
143.35,-30.15,43.0
143.6,-30.15,46.4
143.85,-30.15,48.4
144.1,-30.15,52.3
144.35,-30.15,55.3
144.6,-30.15,55.5
144.85,-30.15,56.0
145.1,-30.15,56.3
145.35,-30.15,58.1
145.6,-30.15,60.2
145.85,-30.15,60.3
146.1,-30.15,57.3
146.35,-30.15,53.7
146.6,-30.15,52.1
146.85,-30.15,51.3
147.1,-30.15,48.8
147.35,-30.15,48.8
147.6,-30.15,52.4
147.85,-30.15,50.6
148.1,-30.15,45.4
148.35,-30.15,42.8
148.6,-30.15,43.1
148.85,-30.15,45.5
149.1,-30.15,47.1
149.35,-30.15,50.7
149.6,-30.15,53.2
149.85,-30.15,54.1
150.1,-30.15,54.5
150.35,-30.15,55.4
150.6,-30.15,58.8
150.85,-30.15,62.9
151.1,-30.15,67.9
151.35,-30.15,74.9
151.6,-30.15,74.1
151.85,-30.15,63.7
152.1,-30.15,67.8
152.35,-30.15,73.0
152.6,-30.15,81.4
152.85,-30.15,77.7
153.1,-30.15,78.7
114.85,-29.9,60.2
115.1,-29.9,62.0
115.35,-29.9,66.6
115.6,-29.9,69.9
115.85,-29.9,71.6
116.1,-29.9,78.1
116.35,-29.9,82.6
116.6,-29.9,77.7
116.85,-29.9,79.8
117.1,-29.9,79.5
117.35,-29.9,73.5
117.6,-29.9,74.6
117.85,-29.9,76.8
118.1,-29.9,76.4
118.35,-29.9,78.2
118.6,-29.9,82.1
118.85,-29.9,87.2
119.1,-29.9,92.3
119.35,-29.9,97.0
119.6,-29.9,99.0
119.85,-29.9,101.0
120.1,-29.9,100.5
120.35,-29.9,98.5
120.6,-29.9,94.9
120.85,-29.9,93.8
121.1,-29.9,94.7
121.35,-29.9,100.2
121.6,-29.9,105.3
121.85,-29.9,108.4
122.1,-29.9,116.3
122.35,-29.9,121.8
122.6,-29.9,123.0
122.85,-29.9,122.4
123.1,-29.9,120.1
123.35,-29.9,119.7
123.6,-29.9,121.3
123.85,-29.9,120.7
124.1,-29.9,122.5
124.35,-29.9,125.4
124.6,-29.9,127.2
124.85,-29.9,131.4
125.1,-29.9,136.9
125.35,-29.9,141.0
125.6,-29.9,142.4
125.85,-29.9,145.0
126.1,-29.9,147.2
126.35,-29.9,150.6
126.6,-29.9,153.0
126.85,-29.9,153.5
127.1,-29.9,153.3
127.35,-29.9,150.7
127.6,-29.9,147.3
127.85,-29.9,143.6
128.1,-29.9,141.7
128.35,-29.9,139.0
128.6,-29.9,136.8
128.85,-29.9,134.9
129.1,-29.9,133.4
129.35,-29.9,129.8
129.6,-29.9,127.1
129.85,-29.9,124.7
130.1,-29.9,122.5
130.35,-29.9,118.7
130.6,-29.9,115.0
130.85,-29.9,110.1
131.1,-29.9,104.3
131.35,-29.9,97.6
131.6,-29.9,90.3
131.85,-29.9,86.0
132.1,-29.9,81.8
132.35,-29.9,78.3
132.6,-29.9,75.1
132.85,-29.9,74.3
133.1,-29.9,74.8
133.35,-29.9,75.2
133.6,-29.9,75.0
133.85,-29.9,74.3
134.1,-29.9,73.4
134.35,-29.9,74.1
134.6,-29.9,75.0
134.85,-29.9,75.6
135.1,-29.9,70.8
135.35,-29.9,65.8
135.6,-29.9,62.1
135.85,-29.9,52.9
136.1,-29.9,44.6
136.35,-29.9,38.0
136.6,-29.9,34.9
136.85,-29.9,35.6
137.1,-29.9,39.1
137.35,-29.9,43.0
137.6,-29.9,46.1
137.85,-29.9,48.0
138.1,-29.9,45.9
138.35,-29.9,42.9
138.6,-29.9,43.6
138.85,-29.9,44.4
139.1,-29.9,43.7
139.35,-29.9,42.5
139.6,-29.9,42.4
139.85,-29.9,39.8
140.1,-29.9,33.2
140.35,-29.9,28.5
140.6,-29.9,25.4
140.85,-29.9,23.8
141.1,-29.9,23.1
141.35,-29.9,23.9
141.6,-29.9,26.8
141.85,-29.9,29.9
142.1,-29.9,34.3
142.35,-29.9,40.6
142.6,-29.9,41.6
142.85,-29.9,41.2
143.1,-29.9,43.5
143.35,-29.9,44.2
143.6,-29.9,46.4
143.85,-29.9,50.9
144.1,-29.9,57.2
144.35,-29.9,58.8
144.6,-29.9,56.2
144.85,-29.9,54.8
145.1,-29.9,54.2
145.35,-29.9,54.7
145.6,-29.9,57.4
145.85,-29.9,59.9
146.1,-29.9,58.1
146.35,-29.9,55.0
146.6,-29.9,51.5
146.85,-29.9,46.4
147.1,-29.9,42.3
147.35,-29.9,43.1
147.6,-29.9,47.7
147.85,-29.9,50.5
148.1,-29.9,44.3
148.35,-29.9,40.1
148.6,-29.9,41.6
148.85,-29.9,47.1
149.1,-29.9,50.0
149.35,-29.9,51.2
149.6,-29.9,50.2
149.85,-29.9,52.0
150.1,-29.9,54.5
150.35,-29.9,54.2
150.6,-29.9,57.5
150.85,-29.9,64.6
151.1,-29.9,69.9
151.35,-29.9,70.6
151.6,-29.9,72.3
151.85,-29.9,73.0
152.1,-29.9,65.8
152.35,-29.9,68.4
152.6,-29.9,82.8
152.85,-29.9,82.6
153.1,-29.9,79.3
153.35,-29.9,86.0
114.85,-29.65,64.0
115.1,-29.65,66.1
115.35,-29.65,71.6
115.6,-29.65,73.5
115.85,-29.65,77.1
116.1,-29.65,71.7
116.35,-29.65,77.0
116.6,-29.65,79.1
116.85,-29.65,79.9
117.1,-29.65,81.8
117.35,-29.65,78.9
117.6,-29.65,79.9
117.85,-29.65,80.8
118.1,-29.65,79.3
118.35,-29.65,79.0
118.6,-29.65,80.5
118.85,-29.65,83.6
119.1,-29.65,87.4
119.35,-29.65,91.0
119.6,-29.65,95.4
119.85,-29.65,97.4
120.1,-29.65,98.4
120.35,-29.65,97.1
120.6,-29.65,92.8
120.85,-29.65,89.2
121.1,-29.65,87.9
121.35,-29.65,97.3
121.6,-29.65,105.2
121.85,-29.65,109.0
122.1,-29.65,117.0
122.35,-29.65,123.2
122.6,-29.65,125.0
122.85,-29.65,124.2
123.1,-29.65,125.1
123.35,-29.65,124.3
123.6,-29.65,123.5
123.85,-29.65,121.2
124.1,-29.65,123.7
124.35,-29.65,125.0
124.6,-29.65,129.1
124.85,-29.65,134.1
125.1,-29.65,141.1
125.35,-29.65,144.8
125.6,-29.65,147.8
125.85,-29.65,151.2
126.1,-29.65,154.6
126.35,-29.65,155.9
126.6,-29.65,159.8
126.85,-29.65,161.6
127.1,-29.65,162.2
127.35,-29.65,159.7
127.6,-29.65,158.1
127.85,-29.65,155.4
128.1,-29.65,151.7
128.35,-29.65,147.8
128.6,-29.65,144.3
128.85,-29.65,141.8
129.1,-29.65,139.1
129.35,-29.65,134.6
129.6,-29.65,131.6
129.85,-29.65,129.1
130.1,-29.65,126.6
130.35,-29.65,122.8
130.6,-29.65,117.7
130.85,-29.65,111.4
131.1,-29.65,106.3
131.35,-29.65,99.6
131.6,-29.65,92.6
131.85,-29.65,88.2
132.1,-29.65,84.0
132.35,-29.65,80.7
132.6,-29.65,78.2
132.85,-29.65,76.1
133.1,-29.65,74.8
133.35,-29.65,73.8
133.6,-29.65,72.9
133.85,-29.65,71.8
134.1,-29.65,70.4
134.35,-29.65,69.0
134.6,-29.65,67.6
134.85,-29.65,67.1
135.1,-29.65,63.0
135.35,-29.65,58.2
135.6,-29.65,53.8
135.85,-29.65,48.2
136.1,-29.65,42.6
136.35,-29.65,37.1
136.6,-29.65,33.9
136.85,-29.65,33.6
137.1,-29.65,35.6
137.35,-29.65,37.8
137.6,-29.65,38.9
137.85,-29.65,38.0
138.1,-29.65,32.0
138.35,-29.65,34.7
138.6,-29.65,38.5
138.85,-29.65,40.8
139.1,-29.65,41.4
139.35,-29.65,41.0
139.6,-29.65,40.8
139.85,-29.65,38.1
140.1,-29.65,33.2
140.35,-29.65,28.8
140.6,-29.65,25.0
140.85,-29.65,21.7
141.1,-29.65,19.8
141.35,-29.65,22.1
141.6,-29.65,27.2
141.85,-29.65,32.9
142.1,-29.65,38.9
142.35,-29.65,41.0
142.6,-29.65,41.3
142.85,-29.65,41.3
143.1,-29.65,42.8
143.35,-29.65,43.1
143.6,-29.65,44.1
143.85,-29.65,50.3
144.1,-29.65,60.2
144.35,-29.65,59.9
144.6,-29.65,56.0
144.85,-29.65,53.1
145.1,-29.65,51.6
145.35,-29.65,50.9
145.6,-29.65,52.3
145.85,-29.65,56.0
146.1,-29.65,56.6
146.35,-29.65,54.9
146.6,-29.65,50.9
146.85,-29.65,45.3
147.1,-29.65,40.9
147.35,-29.65,39.0
147.6,-29.65,43.0
147.85,-29.65,49.0
148.1,-29.65,43.7
148.35,-29.65,40.9
148.6,-29.65,39.3
148.85,-29.65,44.1
149.1,-29.65,47.6
149.35,-29.65,46.8
149.6,-29.65,50.0
149.85,-29.65,54.9
150.1,-29.65,56.2
150.35,-29.65,55.9
150.6,-29.65,60.8
150.85,-29.65,67.4
151.1,-29.65,74.3
151.35,-29.65,76.5
151.6,-29.65,79.1
151.85,-29.65,74.2
152.1,-29.65,64.7
152.35,-29.65,69.3
152.6,-29.65,78.6
152.85,-29.65,72.6
153.1,-29.65,81.5
153.35,-29.65,91.0
114.85,-29.4,70.0
115.1,-29.4,70.8
115.35,-29.4,77.2
115.6,-29.4,75.1
115.85,-29.4,78.9
116.1,-29.4,72.0
116.35,-29.4,76.0
116.6,-29.4,81.0
116.85,-29.4,79.7
117.1,-29.4,81.3
117.35,-29.4,81.9
117.6,-29.4,83.4
117.85,-29.4,84.0
118.1,-29.4,80.5
118.35,-29.4,78.0
118.6,-29.4,78.7
118.85,-29.4,82.0
119.1,-29.4,84.9
119.35,-29.4,89.0
119.6,-29.4,92.5
119.85,-29.4,95.3
120.1,-29.4,98.6
120.35,-29.4,102.1
120.6,-29.4,97.7
120.85,-29.4,92.0
121.1,-29.4,87.0
121.35,-29.4,91.4
121.6,-29.4,99.9
121.85,-29.4,105.6
122.1,-29.4,113.0
122.35,-29.4,120.6
122.6,-29.4,123.8
122.85,-29.4,126.5
123.1,-29.4,128.5
123.35,-29.4,127.1
123.6,-29.4,125.5
123.85,-29.4,123.2
124.1,-29.4,124.8
124.35,-29.4,128.5
124.6,-29.4,130.3
124.85,-29.4,135.6
125.1,-29.4,143.5
125.35,-29.4,149.0
125.6,-29.4,153.7
125.85,-29.4,156.7
126.1,-29.4,159.5
126.35,-29.4,163.4
126.6,-29.4,166.6
126.85,-29.4,170.0
127.1,-29.4,171.1
127.35,-29.4,170.6
127.6,-29.4,168.2
127.85,-29.4,165.5
128.1,-29.4,161.4
128.35,-29.4,156.4
128.6,-29.4,153.8
128.85,-29.4,149.0
129.1,-29.4,143.3
129.35,-29.4,138.7
129.6,-29.4,134.9
129.85,-29.4,131.0
130.1,-29.4,127.2
130.35,-29.4,124.1
130.6,-29.4,119.1
130.85,-29.4,113.2
131.1,-29.4,107.1
131.35,-29.4,101.4
131.6,-29.4,94.9
131.85,-29.4,88.6
132.1,-29.4,85.8
132.35,-29.4,82.8
132.6,-29.4,79.4
132.85,-29.4,77.3
133.1,-29.4,75.3
133.35,-29.4,73.3
133.6,-29.4,71.4
133.85,-29.4,69.1
134.1,-29.4,67.0
134.35,-29.4,63.6
134.6,-29.4,60.5
134.85,-29.4,57.7
135.1,-29.4,55.6
135.35,-29.4,52.8
135.6,-29.4,48.9
135.85,-29.4,44.3
136.1,-29.4,40.1
136.35,-29.4,35.9
136.6,-29.4,32.8
136.85,-29.4,31.7
137.1,-29.4,33.2
137.35,-29.4,34.6
137.6,-29.4,34.7
137.85,-29.4,33.1
138.1,-29.4,30.1
138.35,-29.4,33.2
138.6,-29.4,36.3
138.85,-29.4,38.2
139.1,-29.4,38.7
139.35,-29.4,38.7
139.6,-29.4,37.2
139.85,-29.4,35.3
140.1,-29.4,32.5
140.35,-29.4,29.4
140.6,-29.4,26.2
140.85,-29.4,22.8
141.1,-29.4,20.1
141.35,-29.4,22.7
141.6,-29.4,29.0
141.85,-29.4,36.4
142.1,-29.4,41.9
142.35,-29.4,40.9
142.6,-29.4,42.3
142.85,-29.4,41.2
143.1,-29.4,41.4
143.35,-29.4,41.7
143.6,-29.4,42.1
143.85,-29.4,47.6
144.1,-29.4,52.2
144.35,-29.4,53.0
144.6,-29.4,52.8
144.85,-29.4,49.9
145.1,-29.4,47.7
145.35,-29.4,47.5
145.6,-29.4,51.0
145.85,-29.4,55.0
146.1,-29.4,55.7
146.35,-29.4,53.4
146.6,-29.4,49.7
146.85,-29.4,44.5
147.1,-29.4,38.9
147.35,-29.4,35.9
147.6,-29.4,39.7
147.85,-29.4,47.4
148.1,-29.4,44.6
148.35,-29.4,39.5
148.6,-29.4,38.0
148.85,-29.4,40.3
149.1,-29.4,43.7
149.35,-29.4,46.0
149.6,-29.4,50.7
149.85,-29.4,57.0
150.1,-29.4,57.8
150.35,-29.4,58.2
150.6,-29.4,60.5
150.85,-29.4,62.1
151.1,-29.4,66.5
151.35,-29.4,71.8
151.6,-29.4,74.2
151.85,-29.4,71.2
152.1,-29.4,68.0
152.35,-29.4,71.6
152.6,-29.4,72.7
152.85,-29.4,67.4
153.1,-29.4,76.1
153.35,-29.4,85.1
114.85,-29.15,65.0
115.1,-29.15,72.5
115.35,-29.15,74.4
115.6,-29.15,77.5
115.85,-29.15,83.0
116.1,-29.15,82.7
116.35,-29.15,85.2
116.6,-29.15,86.2
116.85,-29.15,81.0
117.1,-29.15,77.0
117.35,-29.15,81.5
117.6,-29.15,83.6
117.85,-29.15,81.5
118.1,-29.15,76.8
118.35,-29.15,74.3
118.6,-29.15,76.0
118.85,-29.15,80.1
119.1,-29.15,84.6
119.35,-29.15,88.5
119.6,-29.15,90.8
119.85,-29.15,94.7
120.1,-29.15,98.9
120.35,-29.15,101.6
120.6,-29.15,101.2
120.85,-29.15,96.4
121.1,-29.15,85.9
121.35,-29.15,76.6
121.6,-29.15,80.4
121.85,-29.15,91.8
122.1,-29.15,104.8
122.35,-29.15,117.6
122.6,-29.15,121.1
122.85,-29.15,126.1
123.1,-29.15,129.3
123.35,-29.15,129.9
123.6,-29.15,127.2
123.85,-29.15,127.2
124.1,-29.15,125.8
124.35,-29.15,129.8
124.6,-29.15,134.2
124.85,-29.15,139.8
125.1,-29.15,145.6
125.35,-29.15,150.5
125.6,-29.15,156.4
125.85,-29.15,161.5
126.1,-29.15,165.4
126.35,-29.15,168.4
126.6,-29.15,173.8
126.85,-29.15,178.5
127.1,-29.15,181.8
127.35,-29.15,181.0
127.6,-29.15,180.0
127.85,-29.15,175.2
128.1,-29.15,169.3
128.35,-29.15,163.8
128.6,-29.15,159.1
128.85,-29.15,153.2
129.1,-29.15,148.0
129.35,-29.15,142.4
129.6,-29.15,137.6
129.85,-29.15,133.3
130.1,-29.15,130.6
130.35,-29.15,127.0
130.6,-29.15,120.5
130.85,-29.15,114.1
131.1,-29.15,109.0
131.35,-29.15,101.8
131.6,-29.15,95.7
131.85,-29.15,89.2
132.1,-29.15,87.4
132.35,-29.15,83.8
132.6,-29.15,81.6
132.85,-29.15,78.5
133.1,-29.15,75.9
133.35,-29.15,73.2
133.6,-29.15,70.6
133.85,-29.15,68.1
134.1,-29.15,64.6
134.35,-29.15,60.5
134.6,-29.15,55.2
134.85,-29.15,52.8
135.1,-29.15,51.4
135.35,-29.15,49.0
135.6,-29.15,45.5
135.85,-29.15,41.6
136.1,-29.15,37.4
136.35,-29.15,35.2
136.6,-29.15,32.8
136.85,-29.15,32.6
137.1,-29.15,32.9
137.35,-29.15,34.1
137.6,-29.15,34.4
137.85,-29.15,34.1
138.1,-29.15,32.5
138.35,-29.15,33.8
138.6,-29.15,35.8
138.85,-29.15,36.2
139.1,-29.15,36.0
139.35,-29.15,35.8
139.6,-29.15,34.3
139.85,-29.15,33.0
140.1,-29.15,31.2
140.35,-29.15,29.5
140.6,-29.15,28.0
140.85,-29.15,26.6
141.1,-29.15,21.5
141.35,-29.15,24.7
141.6,-29.15,30.7
141.85,-29.15,35.9
142.1,-29.15,37.3
142.35,-29.15,38.3
142.6,-29.15,41.4
142.85,-29.15,40.2
143.1,-29.15,39.5
143.35,-29.15,38.9
143.6,-29.15,41.0
143.85,-29.15,43.5
144.1,-29.15,45.1
144.35,-29.15,46.5
144.6,-29.15,47.8
144.85,-29.15,46.3
145.1,-29.15,45.0
145.35,-29.15,45.4
145.6,-29.15,49.9
145.85,-29.15,58.4
146.1,-29.15,54.8
146.35,-29.15,50.3
146.6,-29.15,46.2
146.85,-29.15,40.7
147.1,-29.15,37.7
147.35,-29.15,38.4
147.6,-29.15,41.3
147.85,-29.15,50.2
148.1,-29.15,46.8
148.35,-29.15,40.6
148.6,-29.15,39.4
148.85,-29.15,41.3
149.1,-29.15,46.4
149.35,-29.15,48.3
149.6,-29.15,49.2
149.85,-29.15,54.7
150.1,-29.15,56.5
150.35,-29.15,55.4
150.6,-29.15,53.7
150.85,-29.15,52.3
151.1,-29.15,53.9
151.35,-29.15,62.1
151.6,-29.15,67.1
151.85,-29.15,66.1
152.1,-29.15,64.4
152.35,-29.15,65.2
152.6,-29.15,65.4
152.85,-29.15,72.5
153.1,-29.15,85.7
153.35,-29.15,89.2
114.6,-28.9,61.7
114.85,-28.9,62.2
115.1,-28.9,71.2
115.35,-28.9,75.9
115.6,-28.9,77.4
115.85,-28.9,79.3
116.1,-28.9,81.6
116.35,-28.9,85.5
116.6,-28.9,82.7
116.85,-28.9,76.8
117.1,-28.9,71.4
117.35,-28.9,83.3
117.6,-28.9,87.7
117.85,-28.9,80.5
118.1,-28.9,71.5
118.35,-28.9,69.9
118.6,-28.9,73.8
118.85,-28.9,79.6
119.1,-28.9,86.5
119.35,-28.9,88.8
119.6,-28.9,89.6
119.85,-28.9,94.7
120.1,-28.9,98.3
120.35,-28.9,101.2
120.6,-28.9,105.5
120.85,-28.9,108.6
121.1,-28.9,99.4
121.35,-28.9,77.6
121.6,-28.9,79.0
121.85,-28.9,88.9
122.1,-28.9,105.4
122.35,-28.9,122.1
122.6,-28.9,126.2
122.85,-28.9,129.2
123.1,-28.9,131.4
123.35,-28.9,129.3
123.6,-28.9,130.2
123.85,-28.9,129.4
124.1,-28.9,128.5
124.35,-28.9,130.3
124.6,-28.9,136.7
124.85,-28.9,142.5
125.1,-28.9,147.7
125.35,-28.9,152.3
125.6,-28.9,156.5
125.85,-28.9,161.9
126.1,-28.9,167.0
126.35,-28.9,172.7
126.6,-28.9,178.5
126.85,-28.9,183.4
127.1,-28.9,186.3
127.35,-28.9,188.9
127.6,-28.9,187.6
127.85,-28.9,182.1
128.1,-28.9,176.8
128.35,-28.9,170.1
128.6,-28.9,164.0
128.85,-28.9,155.7
129.1,-28.9,151.0
129.35,-28.9,144.8
129.6,-28.9,138.6
129.85,-28.9,135.8
130.1,-28.9,131.3
130.35,-28.9,126.2
130.6,-28.9,120.8
130.85,-28.9,113.9
131.1,-28.9,108.4
131.35,-28.9,103.5
131.6,-28.9,97.2
131.85,-28.9,90.5
132.1,-28.9,87.2
132.35,-28.9,84.6
132.6,-28.9,82.5
132.85,-28.9,80.1
133.1,-28.9,77.6
133.35,-28.9,74.6
133.6,-28.9,71.5
133.85,-28.9,68.5
134.1,-28.9,65.4
134.35,-28.9,60.4
134.6,-28.9,56.0
134.85,-28.9,53.4
135.1,-28.9,51.0
135.35,-28.9,48.2
135.6,-28.9,44.4
135.85,-28.9,40.2
136.1,-28.9,35.7
136.35,-28.9,34.9
136.6,-28.9,33.7
136.85,-28.9,33.1
137.1,-28.9,33.9
137.35,-28.9,34.0
137.6,-28.9,33.9
137.85,-28.9,33.6
138.1,-28.9,33.0
138.35,-28.9,33.7
138.6,-28.9,34.8
138.85,-28.9,34.9
139.1,-28.9,34.4
139.35,-28.9,33.5
139.6,-28.9,31.9
139.85,-28.9,30.7
140.1,-28.9,29.7
140.35,-28.9,29.1
140.6,-28.9,28.8
140.85,-28.9,27.9
141.1,-28.9,26.9
141.35,-28.9,29.8
141.6,-28.9,32.5
141.85,-28.9,35.0
142.1,-28.9,34.5
142.35,-28.9,35.6
142.6,-28.9,38.4
142.85,-28.9,38.6
143.1,-28.9,37.7
143.35,-28.9,37.4
143.6,-28.9,38.2
143.85,-28.9,38.7
144.1,-28.9,39.3
144.35,-28.9,40.5
144.6,-28.9,42.4
144.85,-28.9,42.6
145.1,-28.9,42.7
145.35,-28.9,43.7
145.6,-28.9,46.4
145.85,-28.9,49.4
146.1,-28.9,49.5
146.35,-28.9,47.1
146.6,-28.9,43.7
146.85,-28.9,39.5
147.1,-28.9,37.2
147.35,-28.9,40.2
147.6,-28.9,43.0
147.85,-28.9,47.6
148.1,-28.9,45.7
148.35,-28.9,42.2
148.6,-28.9,41.4
148.85,-28.9,43.9
149.1,-28.9,51.7
149.35,-28.9,53.2
149.6,-28.9,55.0
149.85,-28.9,56.9
150.1,-28.9,55.3
150.35,-28.9,54.6
150.6,-28.9,56.8
150.85,-28.9,56.3
151.1,-28.9,55.6
151.35,-28.9,62.4
151.6,-28.9,64.4
151.85,-28.9,63.6
152.1,-28.9,65.8
152.35,-28.9,62.8
152.6,-28.9,68.1
152.85,-28.9,78.1
153.1,-28.9,89.2
153.35,-28.9,87.2
153.6,-28.9,82.8
114.6,-28.65,68.2
114.85,-28.65,66.1
115.1,-28.65,74.7
115.35,-28.65,81.0
115.6,-28.65,81.6
115.85,-28.65,78.8
116.1,-28.65,80.2
116.35,-28.65,81.5
116.6,-28.65,79.8
116.85,-28.65,79.2
117.1,-28.65,78.4
117.35,-28.65,84.9
117.6,-28.65,86.5
117.85,-28.65,84.3
118.1,-28.65,72.3
118.35,-28.65,70.1
118.6,-28.65,73.1
118.85,-28.65,80.8
119.1,-28.65,91.1
119.35,-28.65,92.0
119.6,-28.65,90.9
119.85,-28.65,93.1
120.1,-28.65,97.6
120.35,-28.65,100.3
120.6,-28.65,104.7
120.85,-28.65,111.8
121.1,-28.65,96.3
121.35,-28.65,79.8
121.6,-28.65,81.6
121.85,-28.65,89.1
122.1,-28.65,104.1
122.35,-28.65,130.2
122.6,-28.65,136.6
122.85,-28.65,134.7
123.1,-28.65,132.8
123.35,-28.65,128.9
123.6,-28.65,127.1
123.85,-28.65,130.2
124.1,-28.65,132.3
124.35,-28.65,135.0
124.6,-28.65,138.4
124.85,-28.65,142.3
125.1,-28.65,148.2
125.35,-28.65,153.7
125.6,-28.65,158.6
125.85,-28.65,164.4
126.1,-28.65,167.5
126.35,-28.65,171.6
126.6,-28.65,177.3
126.85,-28.65,181.9
127.1,-28.65,188.9
127.35,-28.65,197.0
127.6,-28.65,197.7
127.85,-28.65,190.4
128.1,-28.65,184.4
128.35,-28.65,176.2
128.6,-28.65,166.8
128.85,-28.65,161.0
129.1,-28.65,153.8
129.35,-28.65,146.3
129.6,-28.65,139.3
129.85,-28.65,133.8
130.1,-28.65,128.4
130.35,-28.65,125.0
130.6,-28.65,119.6
130.85,-28.65,113.8
131.1,-28.65,108.1
131.35,-28.65,103.8
131.6,-28.65,98.2
131.85,-28.65,91.2
132.1,-28.65,87.3
132.35,-28.65,85.2
132.6,-28.65,83.3
132.85,-28.65,81.5
133.1,-28.65,79.1
133.35,-28.65,76.6
133.6,-28.65,73.8
133.85,-28.65,70.8
134.1,-28.65,67.2
134.35,-28.65,63.6
134.6,-28.65,59.6
134.85,-28.65,56.4
135.1,-28.65,52.9
135.35,-28.65,49.4
135.6,-28.65,46.0
135.85,-28.65,43.4
136.1,-28.65,39.1
136.35,-28.65,36.2
136.6,-28.65,35.4
136.85,-28.65,35.1
137.1,-28.65,34.6
137.35,-28.65,34.5
137.6,-28.65,34.5
137.85,-28.65,34.0
138.1,-28.65,34.0
138.35,-28.65,34.4
138.6,-28.65,34.8
138.85,-28.65,34.5
139.1,-28.65,33.7
139.35,-28.65,32.2
139.6,-28.65,30.5
139.85,-28.65,28.9
140.1,-28.65,28.2
140.35,-28.65,28.4
140.6,-28.65,28.8
140.85,-28.65,29.5
141.1,-28.65,32.7
141.35,-28.65,35.4
141.6,-28.65,34.4
141.85,-28.65,34.6
142.1,-28.65,35.3
142.35,-28.65,36.2
142.6,-28.65,37.1
142.85,-28.65,37.0
143.1,-28.65,36.6
143.35,-28.65,36.5
143.6,-28.65,36.1
143.85,-28.65,35.2
144.1,-28.65,34.5
144.35,-28.65,34.1
144.6,-28.65,37.0
144.85,-28.65,39.3
145.1,-28.65,40.5
145.35,-28.65,42.2
145.6,-28.65,45.4
145.85,-28.65,45.7
146.1,-28.65,46.0
146.35,-28.65,44.6
146.6,-28.65,42.8
146.85,-28.65,41.2
147.1,-28.65,40.1
147.35,-28.65,42.2
147.6,-28.65,44.7
147.85,-28.65,45.6
148.1,-28.65,43.5
148.35,-28.65,42.8
148.6,-28.65,44.9
148.85,-28.65,47.0
149.1,-28.65,51.1
149.35,-28.65,55.0
149.6,-28.65,59.2
149.85,-28.65,62.4
150.1,-28.65,59.6
150.35,-28.65,61.4
150.6,-28.65,62.4
150.85,-28.65,60.3
151.1,-28.65,64.3
151.35,-28.65,68.8
151.6,-28.65,67.4
151.85,-28.65,64.4
152.1,-28.65,73.2
152.35,-28.65,67.9
152.6,-28.65,70.3
152.85,-28.65,71.7
153.1,-28.65,84.5
153.35,-28.65,82.1
153.6,-28.65,77.6
114.35,-28.4,73.6
114.6,-28.4,76.7
114.85,-28.4,76.8
115.1,-28.4,75.7
115.35,-28.4,77.9
115.6,-28.4,84.2
115.85,-28.4,84.4
116.1,-28.4,81.3
116.35,-28.4,81.5
116.6,-28.4,83.6
116.85,-28.4,84.8
117.1,-28.4,85.9
117.35,-28.4,82.2
117.6,-28.4,82.7
117.85,-28.4,82.9
118.1,-28.4,73.6
118.35,-28.4,73.7
118.6,-28.4,79.2
118.85,-28.4,86.8
119.1,-28.4,94.0
119.35,-28.4,92.4
119.6,-28.4,91.2
119.85,-28.4,95.3
120.1,-28.4,100.0
120.35,-28.4,100.6
120.6,-28.4,101.7
120.85,-28.4,96.4
121.1,-28.4,77.5
121.35,-28.4,73.7
121.6,-28.4,78.6
121.85,-28.4,88.8
122.1,-28.4,102.3
122.35,-28.4,121.3
122.6,-28.4,132.9
122.85,-28.4,136.0
123.1,-28.4,131.3
123.35,-28.4,130.5
123.6,-28.4,127.5
123.85,-28.4,127.3
124.1,-28.4,130.4
124.35,-28.4,135.7
124.6,-28.4,139.2
124.85,-28.4,143.3
125.1,-28.4,148.3
125.35,-28.4,152.8
125.6,-28.4,157.8
125.85,-28.4,163.6
126.1,-28.4,166.8
126.35,-28.4,170.9
126.6,-28.4,177.1
126.85,-28.4,183.6
127.1,-28.4,190.5
127.35,-28.4,203.2
127.6,-28.4,202.4
127.85,-28.4,194.4
128.1,-28.4,183.9
128.35,-28.4,176.1
128.6,-28.4,166.7
128.85,-28.4,159.3
129.1,-28.4,153.7
129.35,-28.4,145.0
129.6,-28.4,138.4
129.85,-28.4,132.4
130.1,-28.4,127.2
130.35,-28.4,123.2
130.6,-28.4,117.2
130.85,-28.4,111.5
131.1,-28.4,107.6
131.35,-28.4,103.1
131.6,-28.4,98.6
131.85,-28.4,91.7
132.1,-28.4,87.7
132.35,-28.4,86.2
132.6,-28.4,84.4
132.85,-28.4,82.8
133.1,-28.4,80.9
133.35,-28.4,79.0
133.6,-28.4,76.4
133.85,-28.4,73.8
134.1,-28.4,70.8
134.35,-28.4,67.5
134.6,-28.4,64.4
134.85,-28.4,61.1
135.1,-28.4,56.5
135.35,-28.4,51.5
135.6,-28.4,47.7
135.85,-28.4,45.6
136.1,-28.4,42.2
136.35,-28.4,38.9
136.6,-28.4,37.6
136.85,-28.4,36.6
137.1,-28.4,36.2
137.35,-28.4,36.1
137.6,-28.4,36.1
137.85,-28.4,36.2
138.1,-28.4,36.7
138.35,-28.4,36.7
138.6,-28.4,36.2
138.85,-28.4,35.3
139.1,-28.4,34.1
139.35,-28.4,32.2
139.6,-28.4,29.9
139.85,-28.4,28.1
140.1,-28.4,27.4
140.35,-28.4,28.1
140.6,-28.4,28.7
140.85,-28.4,30.1
141.1,-28.4,32.4
141.35,-28.4,34.5
141.6,-28.4,35.0
141.85,-28.4,34.8
142.1,-28.4,35.7
142.35,-28.4,37.2
142.6,-28.4,36.7
142.85,-28.4,36.8
143.1,-28.4,36.6
143.35,-28.4,36.2
143.6,-28.4,35.0
143.85,-28.4,33.6
144.1,-28.4,32.6
144.35,-28.4,32.7
144.6,-28.4,34.7
144.85,-28.4,36.9
145.1,-28.4,38.7
145.35,-28.4,40.0
145.6,-28.4,44.8
145.85,-28.4,48.5
146.1,-28.4,47.0
146.35,-28.4,43.5
146.6,-28.4,42.1
146.85,-28.4,44.5
147.1,-28.4,46.0
147.35,-28.4,47.6
147.6,-28.4,48.4
147.85,-28.4,48.0
148.1,-28.4,47.0
148.35,-28.4,45.6
148.6,-28.4,44.2
148.85,-28.4,48.5
149.1,-28.4,50.5
149.35,-28.4,58.3
149.6,-28.4,67.3
149.85,-28.4,71.3
150.1,-28.4,60.6
150.35,-28.4,56.5
150.6,-28.4,51.9
150.85,-28.4,49.6
151.1,-28.4,55.9
151.35,-28.4,65.7
151.6,-28.4,61.4
151.85,-28.4,60.4
152.1,-28.4,59.4
152.35,-28.4,64.2
152.6,-28.4,69.4
152.85,-28.4,65.8
153.1,-28.4,75.8
153.35,-28.4,80.1
153.6,-28.4,69.9
114.1,-28.15,67.7
114.35,-28.15,70.0
114.6,-28.15,76.2
114.85,-28.15,75.1
115.1,-28.15,68.8
115.35,-28.15,68.0
115.6,-28.15,80.2
115.85,-28.15,85.8
116.1,-28.15,87.5
116.35,-28.15,90.4
116.6,-28.15,90.7
116.85,-28.15,89.4
117.1,-28.15,90.1
117.35,-28.15,85.2
117.6,-28.15,83.8
117.85,-28.15,80.6
118.1,-28.15,77.2
118.35,-28.15,80.8
118.6,-28.15,87.3
118.85,-28.15,92.8
119.1,-28.15,92.3
119.35,-28.15,88.3
119.6,-28.15,91.1
119.85,-28.15,99.4
120.1,-28.15,105.7
120.35,-28.15,103.9
120.6,-28.15,101.9
120.85,-28.15,94.0
121.1,-28.15,82.5
121.35,-28.15,81.8
121.6,-28.15,85.7
121.85,-28.15,94.0
122.1,-28.15,103.9
122.35,-28.15,114.8
122.6,-28.15,126.3
122.85,-28.15,130.5
123.1,-28.15,131.1
123.35,-28.15,131.0
123.6,-28.15,127.5
123.85,-28.15,128.7
124.1,-28.15,134.7
124.35,-28.15,139.7
124.6,-28.15,144.2
124.85,-28.15,146.7
125.1,-28.15,148.6
125.35,-28.15,153.5
125.6,-28.15,158.8
125.85,-28.15,162.1
126.1,-28.15,164.9
126.35,-28.15,169.2
126.6,-28.15,174.8
126.85,-28.15,183.0
127.1,-28.15,190.6
127.35,-28.15,194.4
127.6,-28.15,196.9
127.85,-28.15,192.4
128.1,-28.15,180.1
128.35,-28.15,172.3
128.6,-28.15,162.0
128.85,-28.15,156.8
129.1,-28.15,151.2
129.35,-28.15,143.2
129.6,-28.15,136.9
129.85,-28.15,131.7
130.1,-28.15,127.0
130.35,-28.15,121.7
130.6,-28.15,115.3
130.85,-28.15,110.0
131.1,-28.15,105.7
131.35,-28.15,101.3
131.6,-28.15,96.1
131.85,-28.15,91.9
132.1,-28.15,87.8
132.35,-28.15,85.7
132.6,-28.15,85.6
132.85,-28.15,84.4
133.1,-28.15,83.3
133.35,-28.15,82.1
133.6,-28.15,79.6
133.85,-28.15,76.7
134.1,-28.15,74.4
134.35,-28.15,71.4
134.6,-28.15,69.5
134.85,-28.15,65.7
135.1,-28.15,60.0
135.35,-28.15,53.6
135.6,-28.15,48.7
135.85,-28.15,45.0
136.1,-28.15,43.6
136.35,-28.15,41.5
136.6,-28.15,39.9
136.85,-28.15,38.9
137.1,-28.15,38.5
137.35,-28.15,38.5
137.6,-28.15,39.0
137.85,-28.15,40.0
138.1,-28.15,41.3
138.35,-28.15,41.7
138.6,-28.15,40.1
138.85,-28.15,38.5
139.1,-28.15,35.6
139.35,-28.15,33.0
139.6,-28.15,30.5
139.85,-28.15,28.6
140.1,-28.15,28.5
140.35,-28.15,28.2
140.6,-28.15,28.5
140.85,-28.15,29.9
141.1,-28.15,31.6
141.35,-28.15,34.1
141.6,-28.15,35.4
141.85,-28.15,34.8
142.1,-28.15,35.6
142.35,-28.15,36.7
142.6,-28.15,37.1
142.85,-28.15,37.4
143.1,-28.15,37.2
143.35,-28.15,37.0
143.6,-28.15,35.8
143.85,-28.15,32.8
144.1,-28.15,32.3
144.35,-28.15,33.2
144.6,-28.15,34.2
144.85,-28.15,36.0
145.1,-28.15,38.1
145.35,-28.15,40.3
145.6,-28.15,43.8
145.85,-28.15,49.3
146.1,-28.15,49.7
146.35,-28.15,45.9
146.6,-28.15,44.2
146.85,-28.15,47.0
147.1,-28.15,50.0
147.35,-28.15,52.9
147.6,-28.15,52.5
147.85,-28.15,54.0
148.1,-28.15,54.2
148.35,-28.15,50.1
148.6,-28.15,41.8
148.85,-28.15,47.6
149.1,-28.15,56.6
149.35,-28.15,63.1
149.6,-28.15,68.9
149.85,-28.15,69.6
150.1,-28.15,65.7
150.35,-28.15,61.2
150.6,-28.15,51.1
150.85,-28.15,44.5
151.1,-28.15,50.2
151.35,-28.15,61.3
151.6,-28.15,59.5
151.85,-28.15,59.1
152.1,-28.15,60.1
152.35,-28.15,64.3
152.6,-28.15,73.6
152.85,-28.15,72.7
153.1,-28.15,76.6
153.35,-28.15,73.2
153.6,-28.15,65.1
114.1,-27.9,62.8
114.35,-27.9,64.0
114.6,-27.9,69.3
114.85,-27.9,71.0
115.1,-27.9,70.0
115.35,-27.9,74.0
115.6,-27.9,82.7
115.85,-27.9,89.5
116.1,-27.9,93.7
116.35,-27.9,98.7
116.6,-27.9,94.2
116.85,-27.9,95.5
117.1,-27.9,90.2
117.35,-27.9,87.9
117.6,-27.9,86.0
117.85,-27.9,80.3
118.1,-27.9,79.1
118.35,-27.9,83.4
118.6,-27.9,90.8
118.85,-27.9,93.0
119.1,-27.9,92.3
119.35,-27.9,89.9
119.6,-27.9,95.1
119.85,-27.9,102.2
120.1,-27.9,106.8
120.35,-27.9,113.4
120.6,-27.9,115.7
120.85,-27.9,107.5
121.1,-27.9,99.8
121.35,-27.9,99.5
121.6,-27.9,99.4
121.85,-27.9,101.1
122.1,-27.9,103.6
122.35,-27.9,113.0
122.6,-27.9,122.3
122.85,-27.9,126.9
123.1,-27.9,132.0
123.35,-27.9,132.2
123.6,-27.9,132.5
123.85,-27.9,135.7
124.1,-27.9,139.9
124.35,-27.9,143.9
124.6,-27.9,146.2
124.85,-27.9,146.6
125.1,-27.9,149.4
125.35,-27.9,154.1
125.6,-27.9,157.0
125.85,-27.9,159.9
126.1,-27.9,163.4
126.35,-27.9,166.2
126.6,-27.9,171.0
126.85,-27.9,176.1
127.1,-27.9,179.6
127.35,-27.9,183.5
127.6,-27.9,187.0
127.85,-27.9,182.4
128.1,-27.9,171.5
128.35,-27.9,166.4
128.6,-27.9,157.6
128.85,-27.9,155.7
129.1,-27.9,147.2
129.35,-27.9,139.0
129.6,-27.9,135.0
129.85,-27.9,128.6
130.1,-27.9,123.9
130.35,-27.9,119.2
130.6,-27.9,112.4
130.85,-27.9,107.2
131.1,-27.9,102.9
131.35,-27.9,99.0
131.6,-27.9,94.1
131.85,-27.9,90.0
132.1,-27.9,87.0
132.35,-27.9,86.2
132.6,-27.9,85.9
132.85,-27.9,86.4
133.1,-27.9,86.1
133.35,-27.9,84.6
133.6,-27.9,82.5
133.85,-27.9,79.3
134.1,-27.9,76.4
134.35,-27.9,74.0
134.6,-27.9,71.9
134.85,-27.9,67.8
135.1,-27.9,62.3
135.35,-27.9,56.0
135.6,-27.9,50.2
135.85,-27.9,46.8
136.1,-27.9,45.8
136.35,-27.9,44.0
136.6,-27.9,42.7
136.85,-27.9,41.7
137.1,-27.9,41.2
137.35,-27.9,41.5
137.6,-27.9,42.5
137.85,-27.9,44.7
138.1,-27.9,47.6
138.35,-27.9,47.8
138.6,-27.9,44.9
138.85,-27.9,41.6
139.1,-27.9,38.1
139.35,-27.9,34.4
139.6,-27.9,31.0
139.85,-27.9,29.0
140.1,-27.9,27.6
140.35,-27.9,27.4
140.6,-27.9,27.5
140.85,-27.9,28.5
141.1,-27.9,29.5
141.35,-27.9,32.1
141.6,-27.9,34.2
141.85,-27.9,35.0
142.1,-27.9,36.1
142.35,-27.9,37.0
142.6,-27.9,37.1
142.85,-27.9,36.4
143.1,-27.9,37.7
143.35,-27.9,38.1
143.6,-27.9,36.7
143.85,-27.9,33.9
144.1,-27.9,33.7
144.35,-27.9,34.4
144.6,-27.9,35.3
144.85,-27.9,36.8
145.1,-27.9,38.5
145.35,-27.9,40.3
145.6,-27.9,43.7
145.85,-27.9,48.2
146.1,-27.9,49.4
146.35,-27.9,48.5
146.6,-27.9,48.3
146.85,-27.9,48.3
147.1,-27.9,50.7
147.35,-27.9,52.8
147.6,-27.9,54.6
147.85,-27.9,61.7
148.1,-27.9,63.5
148.35,-27.9,61.6
148.6,-27.9,62.2
148.85,-27.9,58.3
149.1,-27.9,61.7
149.35,-27.9,62.4
149.6,-27.9,64.1
149.85,-27.9,69.9
150.1,-27.9,70.2
150.35,-27.9,72.6
150.6,-27.9,65.3
150.85,-27.9,52.0
151.1,-27.9,50.6
151.35,-27.9,57.7
151.6,-27.9,61.0
151.85,-27.9,59.5
152.1,-27.9,67.5
152.35,-27.9,66.5
152.6,-27.9,71.1
152.85,-27.9,78.9
153.1,-27.9,80.2
153.35,-27.9,70.9
114.1,-27.65,58.1
114.35,-27.65,59.7
114.6,-27.65,64.2
114.85,-27.65,67.7
115.1,-27.65,70.5
115.35,-27.65,77.3
115.6,-27.65,85.4
115.85,-27.65,91.7
116.1,-27.65,96.9
116.35,-27.65,100.8
116.6,-27.65,92.5
116.85,-27.65,85.9
117.1,-27.65,81.0
117.35,-27.65,78.5
117.6,-27.65,80.7
117.85,-27.65,80.6
118.1,-27.65,81.0
118.35,-27.65,85.3
118.6,-27.65,89.3
118.85,-27.65,91.9
119.1,-27.65,95.1
119.35,-27.65,99.6
119.6,-27.65,103.3
119.85,-27.65,104.9
120.1,-27.65,108.9
120.35,-27.65,117.0
120.6,-27.65,122.5
120.85,-27.65,113.5
121.1,-27.65,105.1
121.35,-27.65,105.2
121.6,-27.65,112.4
121.85,-27.65,108.7
122.1,-27.65,107.5
122.35,-27.65,114.3
122.6,-27.65,121.6
122.85,-27.65,128.7
123.1,-27.65,134.9
123.35,-27.65,133.7
123.6,-27.65,136.2
123.85,-27.65,140.2
124.1,-27.65,143.2
124.35,-27.65,144.1
124.6,-27.65,146.2
124.85,-27.65,148.5
125.1,-27.65,150.2
125.35,-27.65,153.4
125.6,-27.65,156.2
125.85,-27.65,157.6
126.1,-27.65,159.8
126.35,-27.65,160.2
126.6,-27.65,162.4
126.85,-27.65,164.8
127.1,-27.65,170.0
127.35,-27.65,174.2
127.6,-27.65,176.9
127.85,-27.65,169.4
128.1,-27.65,164.4
128.35,-27.65,158.6
128.6,-27.65,153.5
128.85,-27.65,150.7
129.1,-27.65,144.2
129.35,-27.65,136.8
129.6,-27.65,130.6
129.85,-27.65,127.0
130.1,-27.65,120.5
130.35,-27.65,115.8
130.6,-27.65,110.6
130.85,-27.65,105.7
131.1,-27.65,99.9
131.35,-27.65,95.8
131.6,-27.65,91.7
131.85,-27.65,88.5
132.1,-27.65,85.9
132.35,-27.65,85.7
132.6,-27.65,86.0
132.85,-27.65,87.2
133.1,-27.65,88.7
133.35,-27.65,87.5
133.6,-27.65,84.2
133.85,-27.65,80.3
134.1,-27.65,77.3
134.35,-27.65,74.9
134.6,-27.65,72.1
134.85,-27.65,68.2
135.1,-27.65,63.2
135.35,-27.65,58.9
135.6,-27.65,55.4
135.85,-27.65,51.7
136.1,-27.65,49.6
136.35,-27.65,47.2
136.6,-27.65,45.3
136.85,-27.65,44.2
137.1,-27.65,44.1
137.35,-27.65,44.5
137.6,-27.65,45.9
137.85,-27.65,48.7
138.1,-27.65,52.2
138.35,-27.65,51.9
138.6,-27.65,47.8
138.85,-27.65,43.5
139.1,-27.65,39.1
139.35,-27.65,35.2
139.6,-27.65,31.5
139.85,-27.65,28.7
140.1,-27.65,26.7
140.35,-27.65,26.4
140.6,-27.65,26.8
140.85,-27.65,27.3
141.1,-27.65,26.2
141.35,-27.65,29.3
141.6,-27.65,33.7
141.85,-27.65,37.2
142.1,-27.65,38.4
142.35,-27.65,38.4
142.6,-27.65,37.3
142.85,-27.65,37.3
143.1,-27.65,38.8
143.35,-27.65,39.3
143.6,-27.65,38.7
143.85,-27.65,36.8
144.1,-27.65,36.6
144.35,-27.65,37.5
144.6,-27.65,38.3
144.85,-27.65,39.0
145.1,-27.65,39.6
145.35,-27.65,41.3
145.6,-27.65,44.0
145.85,-27.65,46.5
146.1,-27.65,47.0
146.35,-27.65,48.5
146.6,-27.65,51.5
146.85,-27.65,53.5
147.1,-27.65,50.9
147.35,-27.65,48.8
147.6,-27.65,54.4
147.85,-27.65,64.3
148.1,-27.65,66.4
148.35,-27.65,63.0
148.6,-27.65,59.8
148.85,-27.65,59.1
149.1,-27.65,62.4
149.35,-27.65,64.7
149.6,-27.65,68.4
149.85,-27.65,75.3
150.1,-27.65,80.7
150.35,-27.65,84.2
150.6,-27.65,69.1
150.85,-27.65,59.2
151.1,-27.65,57.8
151.35,-27.65,61.7
151.6,-27.65,60.6
151.85,-27.65,59.3
152.1,-27.65,59.9
152.35,-27.65,61.6
152.6,-27.65,75.1
152.85,-27.65,77.0
153.1,-27.65,72.6
153.35,-27.65,68.4
153.6,-27.65,68.4
114.1,-27.4,60.8
114.35,-27.4,60.6
114.6,-27.4,62.9
114.85,-27.4,66.3
115.1,-27.4,71.6
115.35,-27.4,80.0
115.6,-27.4,89.2
115.85,-27.4,91.5
116.1,-27.4,96.6
116.35,-27.4,105.7
116.6,-27.4,91.5
116.85,-27.4,75.8
117.1,-27.4,70.1
117.35,-27.4,70.0
117.6,-27.4,77.2
117.85,-27.4,74.4
118.1,-27.4,75.7
118.35,-27.4,81.6
118.6,-27.4,85.9
118.85,-27.4,92.0
119.1,-27.4,99.6
119.35,-27.4,103.4
119.6,-27.4,105.4
119.85,-27.4,103.6
120.1,-27.4,102.6
120.35,-27.4,110.9
120.6,-27.4,113.9
120.85,-27.4,109.4
121.1,-27.4,105.1
121.35,-27.4,106.6
121.6,-27.4,110.4
121.85,-27.4,111.5
122.1,-27.4,113.9
122.35,-27.4,120.9
122.6,-27.4,126.6
122.85,-27.4,134.0
123.1,-27.4,138.5
123.35,-27.4,136.9
123.6,-27.4,138.8
123.85,-27.4,141.3
124.1,-27.4,145.6
124.35,-27.4,148.8
124.6,-27.4,148.2
124.85,-27.4,149.2
125.1,-27.4,149.2
125.35,-27.4,152.2
125.6,-27.4,154.1
125.85,-27.4,152.7
126.1,-27.4,153.7
126.35,-27.4,154.2
126.6,-27.4,155.0
126.85,-27.4,157.9
127.1,-27.4,162.2
127.35,-27.4,163.7
127.6,-27.4,164.9
127.85,-27.4,159.3
128.1,-27.4,154.0
128.35,-27.4,149.9
128.6,-27.4,147.7
128.85,-27.4,144.1
129.1,-27.4,138.7
129.35,-27.4,132.3
129.6,-27.4,126.5
129.85,-27.4,121.3
130.1,-27.4,115.9
130.35,-27.4,111.2
130.6,-27.4,106.5
130.85,-27.4,100.2
131.1,-27.4,96.0
131.35,-27.4,92.6
131.6,-27.4,88.8
131.85,-27.4,86.2
132.1,-27.4,85.6
132.35,-27.4,85.0
132.6,-27.4,86.2
132.85,-27.4,88.4
133.1,-27.4,90.3
133.35,-27.4,90.0
133.6,-27.4,84.0
133.85,-27.4,80.3
134.1,-27.4,77.0
134.35,-27.4,73.7
134.6,-27.4,69.9
134.85,-27.4,66.1
135.1,-27.4,62.6
135.35,-27.4,60.1
135.6,-27.4,61.1
135.85,-27.4,57.9
136.1,-27.4,52.8
136.35,-27.4,49.9
136.6,-27.4,47.7
136.85,-27.4,46.5
137.1,-27.4,46.4
137.35,-27.4,46.9
137.6,-27.4,48.7
137.85,-27.4,50.9
138.1,-27.4,52.6
138.35,-27.4,51.8
138.6,-27.4,48.2
138.85,-27.4,43.2
139.1,-27.4,39.0
139.35,-27.4,35.6
139.6,-27.4,32.2
139.85,-27.4,29.4
140.1,-27.4,27.4
140.35,-27.4,26.8
140.6,-27.4,27.0
140.85,-27.4,27.5
141.1,-27.4,27.6
141.35,-27.4,30.3
141.6,-27.4,35.7
141.85,-27.4,41.3
142.1,-27.4,42.5
142.35,-27.4,43.1
142.6,-27.4,42.8
142.85,-27.4,42.5
143.1,-27.4,42.6
143.35,-27.4,42.3
143.6,-27.4,41.7
143.85,-27.4,40.5
144.1,-27.4,41.0
144.35,-27.4,42.2
144.6,-27.4,43.3
144.85,-27.4,43.8
145.1,-27.4,43.5
145.35,-27.4,44.9
145.6,-27.4,45.9
145.85,-27.4,44.4
146.1,-27.4,44.0
146.35,-27.4,47.4
146.6,-27.4,51.7
146.85,-27.4,55.1
147.1,-27.4,51.9
147.35,-27.4,54.1
147.6,-27.4,56.9
147.85,-27.4,59.8
148.1,-27.4,61.1
148.35,-27.4,56.8
148.6,-27.4,55.3
148.85,-27.4,58.3
149.1,-27.4,62.7
149.35,-27.4,62.6
149.6,-27.4,68.4
149.85,-27.4,76.3
150.1,-27.4,80.9
150.35,-27.4,76.8
150.6,-27.4,68.7
150.85,-27.4,65.5
151.1,-27.4,65.7
151.35,-27.4,63.5
151.6,-27.4,60.7
151.85,-27.4,63.0
152.1,-27.4,58.0
152.35,-27.4,66.8
152.6,-27.4,72.2
152.85,-27.4,76.1
153.1,-27.4,66.6
153.35,-27.4,63.6
153.6,-27.4,65.1
113.85,-27.15,66.8
114.1,-27.15,64.6
114.35,-27.15,63.5
114.6,-27.15,64.5
114.85,-27.15,68.0
115.1,-27.15,73.6
115.35,-27.15,83.1
115.6,-27.15,92.7
115.85,-27.15,97.5
116.1,-27.15,95.3
116.35,-27.15,88.6
116.6,-27.15,76.7
116.85,-27.15,68.4
117.1,-27.15,63.4
117.35,-27.15,66.2
117.6,-27.15,71.0
117.85,-27.15,73.2
118.1,-27.15,73.5
118.35,-27.15,75.9
118.6,-27.15,85.4
118.85,-27.15,96.1
119.1,-27.15,107.4
119.35,-27.15,105.9
119.6,-27.15,104.5
119.85,-27.15,101.9
120.1,-27.15,96.8
120.35,-27.15,100.4
120.6,-27.15,104.3
120.85,-27.15,105.2
121.1,-27.15,105.1
121.35,-27.15,105.3
121.6,-27.15,108.9
121.85,-27.15,114.5
122.1,-27.15,120.7
122.35,-27.15,128.4
122.6,-27.15,134.2
122.85,-27.15,138.8
123.1,-27.15,140.9
123.35,-27.15,142.9
123.6,-27.15,143.4
123.85,-27.15,143.0
124.1,-27.15,145.9
124.35,-27.15,152.7
124.6,-27.15,151.5
124.85,-27.15,149.0
125.1,-27.15,149.1
125.35,-27.15,149.5
125.6,-27.15,149.4
125.85,-27.15,147.4
126.1,-27.15,148.8
126.35,-27.15,147.3
126.6,-27.15,146.7
126.85,-27.15,149.6
127.1,-27.15,149.9
127.35,-27.15,150.0
127.6,-27.15,152.7
127.85,-27.15,151.4
128.1,-27.15,145.2
128.35,-27.15,142.6
128.6,-27.15,139.9
128.85,-27.15,136.9
129.1,-27.15,130.4
129.35,-27.15,126.5
129.6,-27.15,120.5
129.85,-27.15,115.0
130.1,-27.15,111.8
130.35,-27.15,106.4
130.6,-27.15,101.1
130.85,-27.15,95.9
131.1,-27.15,92.5
131.35,-27.15,89.3
131.6,-27.15,86.3
131.85,-27.15,84.4
132.1,-27.15,83.0
132.35,-27.15,83.9
132.6,-27.15,85.5
132.85,-27.15,86.9
133.1,-27.15,88.1
133.35,-27.15,86.9
133.6,-27.15,82.0
133.85,-27.15,79.0
134.1,-27.15,76.0
134.35,-27.15,71.8
134.6,-27.15,66.8
134.85,-27.15,63.4
135.1,-27.15,61.3
135.35,-27.15,57.2
135.6,-27.15,60.1
135.85,-27.15,58.4
136.1,-27.15,54.5
136.35,-27.15,51.5
136.6,-27.15,49.3
136.85,-27.15,48.7
137.1,-27.15,48.0
137.35,-27.15,49.2
137.6,-27.15,50.1
137.85,-27.15,51.3
138.1,-27.15,52.2
138.35,-27.15,50.6
138.6,-27.15,46.4
138.85,-27.15,40.8
139.1,-27.15,37.9
139.35,-27.15,35.4
139.6,-27.15,33.0
139.85,-27.15,30.8
140.1,-27.15,29.2
140.35,-27.15,28.2
140.6,-27.15,28.3
140.85,-27.15,29.1
141.1,-27.15,30.1
141.35,-27.15,33.1
141.6,-27.15,36.7
141.85,-27.15,39.9
142.1,-27.15,44.7
142.35,-27.15,48.7
142.6,-27.15,51.1
142.85,-27.15,49.8
143.1,-27.15,47.7
143.35,-27.15,46.3
143.6,-27.15,46.3
143.85,-27.15,47.2
144.1,-27.15,46.9
144.35,-27.15,47.2
144.6,-27.15,48.3
144.85,-27.15,49.2
145.1,-27.15,49.4
145.35,-27.15,52.4
145.6,-27.15,50.7
145.85,-27.15,46.0
146.1,-27.15,44.7
146.35,-27.15,46.7
146.6,-27.15,49.1
146.85,-27.15,51.9
147.1,-27.15,54.2
147.35,-27.15,54.6
147.6,-27.15,59.0
147.85,-27.15,60.9
148.1,-27.15,59.8
148.35,-27.15,55.1
148.6,-27.15,52.0
148.85,-27.15,56.1
149.1,-27.15,62.9
149.35,-27.15,64.0
149.6,-27.15,67.5
149.85,-27.15,69.4
150.1,-27.15,70.5
150.35,-27.15,70.9
150.6,-27.15,66.1
150.85,-27.15,67.3
151.1,-27.15,71.4
151.35,-27.15,71.4
151.6,-27.15,67.3
151.85,-27.15,69.1
152.1,-27.15,69.1
152.35,-27.15,69.3
152.6,-27.15,72.2
152.85,-27.15,77.9
153.1,-27.15,71.7
153.35,-27.15,61.8
113.6,-26.9,73.2
113.85,-26.9,70.5
114.1,-26.9,68.2
114.35,-26.9,66.9
114.6,-26.9,66.7
114.85,-26.9,70.5
115.1,-26.9,76.6
115.35,-26.9,84.4
115.6,-26.9,94.1
115.85,-26.9,102.9
116.1,-26.9,95.5
116.35,-26.9,78.4
116.6,-26.9,67.6
116.85,-26.9,64.2
117.1,-26.9,61.8
117.35,-26.9,62.3
117.6,-26.9,65.7
117.85,-26.9,72.6
118.1,-26.9,70.6
118.35,-26.9,72.8
118.6,-26.9,85.8
118.85,-26.9,104.1
119.1,-26.9,109.8
119.35,-26.9,107.3
119.6,-26.9,103.7
119.85,-26.9,98.8
120.1,-26.9,97.1
120.35,-26.9,100.0
120.6,-26.9,102.5
120.85,-26.9,102.9
121.1,-26.9,105.3
121.35,-26.9,109.8
121.6,-26.9,113.8
121.85,-26.9,119.0
122.1,-26.9,125.5
122.35,-26.9,132.1
122.6,-26.9,138.7
122.85,-26.9,141.5
123.1,-26.9,143.3
123.35,-26.9,146.3
123.6,-26.9,146.2
123.85,-26.9,145.5
124.1,-26.9,148.4
124.35,-26.9,152.5
124.6,-26.9,149.7
124.85,-26.9,148.5
125.1,-26.9,147.2
125.35,-26.9,146.2
125.6,-26.9,144.7
125.85,-26.9,142.4
126.1,-26.9,144.1
126.35,-26.9,140.4
126.6,-26.9,139.5
126.85,-26.9,138.6
127.1,-26.9,139.6
127.35,-26.9,141.1
127.6,-26.9,143.9
127.85,-26.9,142.3
128.1,-26.9,137.3
128.35,-26.9,135.0
128.6,-26.9,133.0
128.85,-26.9,130.0
129.1,-26.9,124.6
129.35,-26.9,120.1
129.6,-26.9,115.8
129.85,-26.9,110.5
130.1,-26.9,105.6
130.35,-26.9,101.7
130.6,-26.9,97.2
130.85,-26.9,93.2
131.1,-26.9,89.1
131.35,-26.9,86.6
131.6,-26.9,83.3
131.85,-26.9,80.7
132.1,-26.9,80.1
132.35,-26.9,82.0
132.6,-26.9,83.6
132.85,-26.9,84.6
133.1,-26.9,84.6
133.35,-26.9,82.2
133.6,-26.9,79.0
133.85,-26.9,77.5
134.1,-26.9,74.4
134.35,-26.9,69.9
134.6,-26.9,65.4
134.85,-26.9,61.8
135.1,-26.9,60.1
135.35,-26.9,58.1
135.6,-26.9,57.0
135.85,-26.9,55.5
136.1,-26.9,53.3
136.35,-26.9,52.0
136.6,-26.9,50.2
136.85,-26.9,49.7
137.1,-26.9,49.7
137.35,-26.9,50.4
137.6,-26.9,51.4
137.85,-26.9,51.4
138.1,-26.9,51.5
138.35,-26.9,49.1
138.6,-26.9,45.2
138.85,-26.9,40.1
139.1,-26.9,37.7
139.35,-26.9,36.4
139.6,-26.9,34.4
139.85,-26.9,32.3
140.1,-26.9,30.6
140.35,-26.9,30.2
140.6,-26.9,30.3
140.85,-26.9,31.4
141.1,-26.9,32.6
141.35,-26.9,35.8
141.6,-26.9,39.1
141.85,-26.9,42.0
142.1,-26.9,46.2
142.35,-26.9,53.1
142.6,-26.9,59.9
142.85,-26.9,58.3
143.1,-26.9,54.0
143.35,-26.9,49.9
143.6,-26.9,49.6
143.85,-26.9,53.3
144.1,-26.9,53.0
144.35,-26.9,50.5
144.6,-26.9,50.7
144.85,-26.9,51.3
145.1,-26.9,52.3
145.35,-26.9,57.8
145.6,-26.9,54.6
145.85,-26.9,47.3
146.1,-26.9,48.1
146.35,-26.9,47.9
146.6,-26.9,46.8
146.85,-26.9,49.2
147.1,-26.9,54.1
147.35,-26.9,56.4
147.6,-26.9,64.3
147.85,-26.9,62.3
148.1,-26.9,58.0
148.35,-26.9,56.3
148.6,-26.9,54.7
148.85,-26.9,53.2
149.1,-26.9,54.7
149.35,-26.9,59.8
149.6,-26.9,64.2
149.85,-26.9,65.7
150.1,-26.9,63.6
150.35,-26.9,63.7
150.6,-26.9,57.7
150.85,-26.9,62.1
151.1,-26.9,72.1
151.35,-26.9,68.6
151.6,-26.9,63.7
151.85,-26.9,70.8
152.1,-26.9,74.2
152.35,-26.9,73.8
152.6,-26.9,76.7
152.85,-26.9,77.5
153.1,-26.9,78.5
153.35,-26.9,62.1
113.35,-26.65,67.8
113.6,-26.65,71.5
113.85,-26.65,71.2
114.1,-26.65,69.5
114.35,-26.65,69.5
114.6,-26.65,69.1
114.85,-26.65,73.1
115.1,-26.65,79.0
115.35,-26.65,84.5
115.6,-26.65,93.2
115.85,-26.65,109.3
116.1,-26.65,98.2
116.35,-26.65,79.5
116.6,-26.65,66.0
116.85,-26.65,60.5
117.1,-26.65,57.9
117.35,-26.65,59.9
117.6,-26.65,64.8
117.85,-26.65,68.8
118.1,-26.65,69.8
118.35,-26.65,70.8
118.6,-26.65,78.3
118.85,-26.65,97.5
119.1,-26.65,105.3
119.35,-26.65,102.6
119.6,-26.65,99.8
119.85,-26.65,96.8
120.1,-26.65,96.9
120.35,-26.65,101.4
120.6,-26.65,103.0
120.85,-26.65,106.4
121.1,-26.65,110.8
121.35,-26.65,115.7
121.6,-26.65,119.9
121.85,-26.65,124.3
122.1,-26.65,128.6
122.35,-26.65,133.2
122.6,-26.65,140.4
122.85,-26.65,146.1
123.1,-26.65,148.6
123.35,-26.65,148.2
123.6,-26.65,149.1
123.85,-26.65,149.5
124.1,-26.65,149.5
124.35,-26.65,151.4
124.6,-26.65,148.0
124.85,-26.65,146.1
125.1,-26.65,143.5
125.35,-26.65,143.5
125.6,-26.65,138.2
125.85,-26.65,137.3
126.1,-26.65,137.4
126.35,-26.65,135.3
126.6,-26.65,131.6
126.85,-26.65,133.0
127.1,-26.65,134.4
127.35,-26.65,134.4
127.6,-26.65,134.4
127.85,-26.65,132.3
128.1,-26.65,130.0
128.35,-26.65,128.6
128.6,-26.65,126.0
128.85,-26.65,123.5
129.1,-26.65,119.3
129.35,-26.65,114.5
129.6,-26.65,109.9
129.85,-26.65,104.8
130.1,-26.65,100.2
130.35,-26.65,96.3
130.6,-26.65,93.1
130.85,-26.65,90.1
131.1,-26.65,86.6
131.35,-26.65,83.9
131.6,-26.65,81.1
131.85,-26.65,78.8
132.1,-26.65,79.0
132.35,-26.65,81.1
132.6,-26.65,81.6
132.85,-26.65,82.2
133.1,-26.65,81.7
133.35,-26.65,80.3
133.6,-26.65,78.6
133.85,-26.65,77.2
134.1,-26.65,73.4
134.35,-26.65,68.0
134.6,-26.65,62.0
134.85,-26.65,57.4
135.1,-26.65,53.4
135.35,-26.65,51.1
135.6,-26.65,51.6
135.85,-26.65,51.6
136.1,-26.65,51.0
136.35,-26.65,50.5
136.6,-26.65,50.1
136.85,-26.65,49.7
137.1,-26.65,50.6
137.35,-26.65,51.5
137.6,-26.65,51.8
137.85,-26.65,52.3
138.1,-26.65,51.1
138.35,-26.65,48.9
138.6,-26.65,45.7
138.85,-26.65,42.6
139.1,-26.65,40.0
139.35,-26.65,38.2
139.6,-26.65,35.8
139.85,-26.65,33.9
140.1,-26.65,33.1
140.35,-26.65,32.8
140.6,-26.65,33.7
140.85,-26.65,35.3
141.1,-26.65,36.9
141.35,-26.65,40.2
141.6,-26.65,43.7
141.85,-26.65,46.1
142.1,-26.65,48.0
142.35,-26.65,53.6
142.6,-26.65,64.9
142.85,-26.65,61.7
143.1,-26.65,58.9
143.35,-26.65,53.8
143.6,-26.65,47.4
143.85,-26.65,52.3
144.1,-26.65,52.7
144.35,-26.65,52.8
144.6,-26.65,52.2
144.85,-26.65,50.8
145.1,-26.65,50.9
145.35,-26.65,55.5
145.6,-26.65,54.1
145.85,-26.65,51.9
146.1,-26.65,55.1
146.35,-26.65,50.2
146.6,-26.65,44.0
146.85,-26.65,44.6
147.1,-26.65,48.5
147.35,-26.65,56.9
147.6,-26.65,66.9
147.85,-26.65,62.2
148.1,-26.65,58.8
148.35,-26.65,56.6
148.6,-26.65,57.0
148.85,-26.65,60.6
149.1,-26.65,58.4
149.35,-26.65,52.9
149.6,-26.65,59.7
149.85,-26.65,63.8
150.1,-26.65,62.7
150.35,-26.65,59.2
150.6,-26.65,55.9
150.85,-26.65,69.6
151.1,-26.65,75.4
151.35,-26.65,66.5
151.6,-26.65,68.5
151.85,-26.65,67.2
152.1,-26.65,77.8
152.35,-26.65,77.8
152.6,-26.65,79.5
152.85,-26.65,80.7
153.1,-26.65,81.0
113.35,-26.4,66.5
113.6,-26.4,66.3
113.85,-26.4,66.4
114.1,-26.4,66.7
114.35,-26.4,67.6
114.6,-26.4,69.5
114.85,-26.4,74.2
115.1,-26.4,81.3
115.35,-26.4,87.9
115.6,-26.4,97.9
115.85,-26.4,107.8
116.1,-26.4,99.1
116.35,-26.4,80.3
116.6,-26.4,64.7
116.85,-26.4,56.9
117.1,-26.4,54.5
117.35,-26.4,57.6
117.6,-26.4,64.7
117.85,-26.4,66.2
118.1,-26.4,68.7
118.35,-26.4,71.6
118.6,-26.4,76.1
118.85,-26.4,88.9
119.1,-26.4,96.6
119.35,-26.4,99.1
119.6,-26.4,98.9
119.85,-26.4,95.7
120.1,-26.4,94.9
120.35,-26.4,99.6
120.6,-26.4,102.6
120.85,-26.4,107.7
121.1,-26.4,112.9
121.35,-26.4,117.5
121.6,-26.4,123.3
121.85,-26.4,127.1
122.1,-26.4,130.9
122.35,-26.4,136.6
122.6,-26.4,143.7
122.85,-26.4,149.0
123.1,-26.4,151.4
123.35,-26.4,150.2
123.6,-26.4,149.7
123.85,-26.4,150.4
124.1,-26.4,149.8
124.35,-26.4,152.0
124.6,-26.4,146.7
124.85,-26.4,143.0
125.1,-26.4,141.8
125.35,-26.4,138.8
125.6,-26.4,135.3
125.85,-26.4,131.8
126.1,-26.4,129.6
126.35,-26.4,129.0
126.6,-26.4,126.2
126.85,-26.4,125.4
127.1,-26.4,126.9
127.35,-26.4,126.6
127.6,-26.4,125.7
127.85,-26.4,123.5
128.1,-26.4,121.3
128.35,-26.4,119.4
128.6,-26.4,119.8
128.85,-26.4,116.8
129.1,-26.4,113.0
129.35,-26.4,108.5
129.6,-26.4,104.6
129.85,-26.4,99.1
130.1,-26.4,95.8
130.35,-26.4,92.1
130.6,-26.4,88.7
130.85,-26.4,85.7
131.1,-26.4,82.8
131.35,-26.4,80.4
131.6,-26.4,78.2
131.85,-26.4,76.8
132.1,-26.4,77.2
132.35,-26.4,78.7
132.6,-26.4,78.6
132.85,-26.4,79.0
133.1,-26.4,78.8
133.35,-26.4,77.4
133.6,-26.4,77.5
133.85,-26.4,77.8
134.1,-26.4,72.5
134.35,-26.4,65.3
134.6,-26.4,58.1
134.85,-26.4,50.7
135.1,-26.4,44.9
135.35,-26.4,45.1
135.6,-26.4,46.1
135.85,-26.4,48.1
136.1,-26.4,49.0
136.35,-26.4,49.4
136.6,-26.4,49.6
136.85,-26.4,50.4
137.1,-26.4,51.2
137.35,-26.4,51.5
137.6,-26.4,52.5
137.85,-26.4,52.2
138.1,-26.4,51.2
138.35,-26.4,48.4
138.6,-26.4,46.7
138.85,-26.4,44.6
139.1,-26.4,42.6
139.35,-26.4,39.9
139.6,-26.4,36.8
139.85,-26.4,35.0
140.1,-26.4,35.1
140.35,-26.4,36.7
140.6,-26.4,39.2
140.85,-26.4,41.5
141.1,-26.4,44.2
141.35,-26.4,47.3
141.6,-26.4,50.3
141.85,-26.4,51.8
142.1,-26.4,51.3
142.35,-26.4,52.1
142.6,-26.4,56.6
142.85,-26.4,55.4
143.1,-26.4,51.7
143.35,-26.4,47.6
143.6,-26.4,45.4
143.85,-26.4,48.7
144.1,-26.4,51.0
144.35,-26.4,52.6
144.6,-26.4,53.9
144.85,-26.4,56.5
145.1,-26.4,58.9
145.35,-26.4,59.9
145.6,-26.4,55.8
145.85,-26.4,51.9
146.1,-26.4,48.2
146.35,-26.4,44.0
146.6,-26.4,39.8
146.85,-26.4,41.8
147.1,-26.4,45.1
147.35,-26.4,50.6
147.6,-26.4,61.9
147.85,-26.4,62.6
148.1,-26.4,62.7
148.35,-26.4,62.7
148.6,-26.4,62.2
148.85,-26.4,66.0
149.1,-26.4,64.7
149.35,-26.4,55.3
149.6,-26.4,59.7
149.85,-26.4,64.8
150.1,-26.4,62.3
150.35,-26.4,63.2
150.6,-26.4,69.3
150.85,-26.4,79.4
151.1,-26.4,78.3
151.35,-26.4,72.7
151.6,-26.4,77.6
151.85,-26.4,80.3
152.1,-26.4,82.0
152.35,-26.4,76.5
152.6,-26.4,76.6
152.85,-26.4,79.3
153.1,-26.4,84.1
113.1,-26.15,69.6
113.35,-26.15,64.9
113.6,-26.15,64.5
113.85,-26.15,64.4
114.1,-26.15,64.3
114.35,-26.15,66.9
114.6,-26.15,69.6
114.85,-26.15,74.1
115.1,-26.15,84.2
115.35,-26.15,93.9
115.6,-26.15,102.4
115.85,-26.15,106.0
116.1,-26.15,99.4
116.35,-26.15,83.7
116.6,-26.15,66.4
116.85,-26.15,55.1
117.1,-26.15,52.7
117.35,-26.15,61.8
117.6,-26.15,71.8
117.85,-26.15,69.2
118.1,-26.15,70.1
118.35,-26.15,72.9
118.6,-26.15,78.4
118.85,-26.15,87.2
119.1,-26.15,92.5
119.35,-26.15,94.0
119.6,-26.15,95.2
119.85,-26.15,91.2
120.1,-26.15,85.7
120.35,-26.15,90.6
120.6,-26.15,98.1
120.85,-26.15,105.1
121.1,-26.15,110.1
121.35,-26.15,115.7
121.6,-26.15,120.5
121.85,-26.15,124.2
122.1,-26.15,131.9
122.35,-26.15,139.2
122.6,-26.15,146.7
122.85,-26.15,152.2
123.1,-26.15,153.8
123.35,-26.15,152.8
123.6,-26.15,150.3
123.85,-26.15,150.4
124.1,-26.15,148.5
124.35,-26.15,148.1
124.6,-26.15,146.2
124.85,-26.15,143.3
125.1,-26.15,139.9
125.35,-26.15,137.1
125.6,-26.15,132.3
125.85,-26.15,127.2
126.1,-26.15,124.9
126.35,-26.15,122.6
126.6,-26.15,119.3
126.85,-26.15,118.2
127.1,-26.15,119.1
127.35,-26.15,118.3
127.6,-26.15,118.3
127.85,-26.15,117.4
128.1,-26.15,115.3
128.35,-26.15,113.2
128.6,-26.15,111.6
128.85,-26.15,107.5
129.1,-26.15,104.6
129.35,-26.15,101.1
129.6,-26.15,98.3
129.85,-26.15,94.3
130.1,-26.15,89.8
130.35,-26.15,86.9
130.6,-26.15,84.7
130.85,-26.15,82.0
131.1,-26.15,79.7
131.35,-26.15,77.7
131.6,-26.15,75.7
131.85,-26.15,74.1
132.1,-26.15,73.7
132.35,-26.15,75.1
132.6,-26.15,74.5
132.85,-26.15,73.1
133.1,-26.15,73.2
133.35,-26.15,72.2
133.6,-26.15,72.4
133.85,-26.15,75.1
134.1,-26.15,69.6
134.35,-26.15,60.9
134.6,-26.15,53.1
134.85,-26.15,45.2
135.1,-26.15,41.1
135.35,-26.15,40.7
135.6,-26.15,43.3
135.85,-26.15,45.6
136.1,-26.15,47.1
136.35,-26.15,47.9
136.6,-26.15,49.2
136.85,-26.15,50.5
137.1,-26.15,50.8
137.35,-26.15,51.7
137.6,-26.15,52.5
137.85,-26.15,52.3
138.1,-26.15,51.4
138.35,-26.15,49.7
138.6,-26.15,48.0
138.85,-26.15,45.8
139.1,-26.15,44.2
139.35,-26.15,41.8
139.6,-26.15,37.4
139.85,-26.15,34.8
140.1,-26.15,36.5
140.35,-26.15,40.4
140.6,-26.15,44.2
140.85,-26.15,47.9
141.1,-26.15,51.1
141.35,-26.15,54.3
141.6,-26.15,57.7
141.85,-26.15,59.5
142.1,-26.15,56.8
142.35,-26.15,54.2
142.6,-26.15,54.1
142.85,-26.15,50.1
143.1,-26.15,44.0
143.35,-26.15,40.7
143.6,-26.15,42.1
143.85,-26.15,47.2
144.1,-26.15,50.9
144.35,-26.15,52.1
144.6,-26.15,54.4
144.85,-26.15,60.2
145.1,-26.15,60.9
145.35,-26.15,59.9
145.6,-26.15,58.2
145.85,-26.15,52.1
146.1,-26.15,43.8
146.35,-26.15,33.7
146.6,-26.15,41.2
146.85,-26.15,48.6
147.1,-26.15,51.1
147.35,-26.15,51.3
147.6,-26.15,57.1
147.85,-26.15,63.6
148.1,-26.15,65.5
148.35,-26.15,69.3
148.6,-26.15,70.4
148.85,-26.15,63.0
149.1,-26.15,61.2
149.35,-26.15,59.4
149.6,-26.15,62.5
149.85,-26.15,65.3
150.1,-26.15,64.7
150.35,-26.15,68.3
150.6,-26.15,72.8
150.85,-26.15,83.0
151.1,-26.15,84.3
151.35,-26.15,80.6
151.6,-26.15,86.9
151.85,-26.15,90.6
152.1,-26.15,83.0
152.35,-26.15,76.7
152.6,-26.15,78.5
152.85,-26.15,79.4
153.1,-26.15,72.7
112.85,-25.9,64.0
113.1,-25.9,66.1
113.35,-25.9,64.4
113.6,-25.9,66.2
113.85,-25.9,63.3
114.1,-25.9,63.6
114.35,-25.9,67.2
114.6,-25.9,70.7
114.85,-25.9,74.9
115.1,-25.9,85.8
115.35,-25.9,98.6
115.6,-25.9,105.5
115.85,-25.9,105.6
116.1,-25.9,100.4
116.35,-25.9,87.6
116.6,-25.9,70.0
116.85,-25.9,56.0
117.1,-25.9,51.3
117.35,-25.9,57.3
117.6,-25.9,68.5
117.85,-25.9,68.8
118.1,-25.9,68.4
118.35,-25.9,72.4
118.6,-25.9,79.6
118.85,-25.9,87.2
119.1,-25.9,90.9
119.35,-25.9,91.6
119.6,-25.9,91.0
119.85,-25.9,87.4
120.1,-25.9,85.1
120.35,-25.9,87.5
120.6,-25.9,93.7
120.85,-25.9,100.1
121.1,-25.9,105.2
121.35,-25.9,108.7
121.6,-25.9,111.6
121.85,-25.9,118.7
122.1,-25.9,127.1
122.35,-25.9,136.4
122.6,-25.9,145.0
122.85,-25.9,152.7
123.1,-25.9,156.6
123.35,-25.9,154.1
123.6,-25.9,151.8
123.85,-25.9,150.6
124.1,-25.9,146.4
124.35,-25.9,146.4
124.6,-25.9,143.9
124.85,-25.9,141.2
125.1,-25.9,138.0
125.35,-25.9,135.2
125.6,-25.9,131.4
125.85,-25.9,126.7
126.1,-25.9,122.3
126.35,-25.9,118.9
126.6,-25.9,114.3
126.85,-25.9,112.8
127.1,-25.9,112.5
127.35,-25.9,112.1
127.6,-25.9,111.0
127.85,-25.9,110.7
128.1,-25.9,109.0
128.35,-25.9,106.4
128.6,-25.9,104.0
128.85,-25.9,101.6
129.1,-25.9,99.4
129.35,-25.9,96.0
129.6,-25.9,92.5
129.85,-25.9,89.6
130.1,-25.9,85.6
130.35,-25.9,83.6
130.6,-25.9,81.7
130.85,-25.9,79.1
131.1,-25.9,77.5
131.35,-25.9,75.4
131.6,-25.9,73.3
131.85,-25.9,71.5
132.1,-25.9,70.8
132.35,-25.9,70.8
132.6,-25.9,69.4
132.85,-25.9,67.0
133.1,-25.9,67.5
133.35,-25.9,64.3
133.6,-25.9,63.6
133.85,-25.9,65.0
134.1,-25.9,63.2
134.35,-25.9,56.5
134.6,-25.9,47.1
134.85,-25.9,42.0
135.1,-25.9,40.2
135.35,-25.9,39.9
135.6,-25.9,42.1
135.85,-25.9,44.2
136.1,-25.9,46.0
136.35,-25.9,47.1
136.6,-25.9,49.5
136.85,-25.9,50.1
137.1,-25.9,51.7
137.35,-25.9,52.6
137.6,-25.9,52.5
137.85,-25.9,52.0
138.1,-25.9,52.1
138.35,-25.9,50.4
138.6,-25.9,48.3
138.85,-25.9,45.8
139.1,-25.9,43.6
139.35,-25.9,41.4
139.6,-25.9,35.3
139.85,-25.9,33.8
140.1,-25.9,37.2
140.35,-25.9,42.7
140.6,-25.9,48.4
140.85,-25.9,53.2
141.1,-25.9,55.3
141.35,-25.9,58.0
141.6,-25.9,62.6
141.85,-25.9,66.8
142.1,-25.9,60.7
142.35,-25.9,56.0
142.6,-25.9,55.7
142.85,-25.9,52.8
143.1,-25.9,45.0
143.35,-25.9,39.9
143.6,-25.9,42.5
143.85,-25.9,50.9
144.1,-25.9,55.2
144.35,-25.9,54.3
144.6,-25.9,54.3
144.85,-25.9,59.6
145.1,-25.9,59.8
145.35,-25.9,57.1
145.6,-25.9,54.2
145.85,-25.9,52.5
146.1,-25.9,51.9
146.35,-25.9,56.0
146.6,-25.9,58.8
146.85,-25.9,57.7
147.1,-25.9,58.3
147.35,-25.9,57.9
147.6,-25.9,60.2
147.85,-25.9,67.1
148.1,-25.9,71.9
148.35,-25.9,74.8
148.6,-25.9,75.3
148.85,-25.9,63.3
149.1,-25.9,61.3
149.35,-25.9,64.1
149.6,-25.9,61.3
149.85,-25.9,64.5
150.1,-25.9,65.6
150.35,-25.9,71.9
150.6,-25.9,76.4
150.85,-25.9,84.5
151.1,-25.9,87.9
151.35,-25.9,88.9
151.6,-25.9,88.3
151.85,-25.9,85.5
152.1,-25.9,82.3
152.35,-25.9,80.1
152.6,-25.9,85.0
152.85,-25.9,81.6
153.1,-25.9,75.2
112.85,-25.65,62.1
113.1,-25.65,62.7
113.35,-25.65,62.6
113.6,-25.65,62.9
114.1,-25.65,61.5
114.35,-25.65,65.0
114.6,-25.65,68.3
114.85,-25.65,73.8
115.1,-25.65,82.5
115.35,-25.65,95.8
115.6,-25.65,102.4
115.85,-25.65,102.1
116.1,-25.65,100.0
116.35,-25.65,91.1
116.6,-25.65,74.0
116.85,-25.65,59.3
117.1,-25.65,54.7
117.35,-25.65,55.2
117.6,-25.65,60.5
117.85,-25.65,62.2
118.1,-25.65,64.3
118.35,-25.65,72.5
118.6,-25.65,80.8
118.85,-25.65,88.7
119.1,-25.65,91.0
119.35,-25.65,90.9
119.6,-25.65,89.5
119.85,-25.65,87.7
120.1,-25.65,87.9
120.35,-25.65,86.5
120.6,-25.65,91.2
120.85,-25.65,97.0
121.1,-25.65,100.2
121.35,-25.65,102.6
121.6,-25.65,102.5
121.85,-25.65,109.7
122.1,-25.65,118.3
122.35,-25.65,129.0
122.6,-25.65,140.5
122.85,-25.65,151.4
123.1,-25.65,155.7
123.35,-25.65,153.8
123.6,-25.65,151.3
123.85,-25.65,150.7
124.1,-25.65,146.1
124.35,-25.65,143.8
124.6,-25.65,142.6
124.85,-25.65,139.8
125.1,-25.65,134.3
125.35,-25.65,129.8
125.6,-25.65,129.0
125.85,-25.65,125.6
126.1,-25.65,120.5
126.35,-25.65,117.4
126.6,-25.65,113.4
126.85,-25.65,112.4
127.1,-25.65,110.2
127.35,-25.65,108.9
127.6,-25.65,107.0
127.85,-25.65,105.6
128.1,-25.65,103.5
128.35,-25.65,101.1
128.6,-25.65,99.1
128.85,-25.65,96.5
129.1,-25.65,94.1
129.35,-25.65,91.5
129.6,-25.65,88.7
129.85,-25.65,85.8
130.1,-25.65,82.9
130.35,-25.65,80.4
130.6,-25.65,78.2
130.85,-25.65,76.5
131.1,-25.65,74.9
131.35,-25.65,72.3
131.6,-25.65,70.4
131.85,-25.65,69.0
132.1,-25.65,68.5
132.35,-25.65,68.3
132.6,-25.65,65.2
132.85,-25.65,62.5
133.1,-25.65,60.9
133.35,-25.65,57.9
133.6,-25.65,57.7
133.85,-25.65,59.7
134.1,-25.65,60.3
134.35,-25.65,53.8
134.6,-25.65,46.7
134.85,-25.65,42.3
135.1,-25.65,41.7
135.35,-25.65,41.8
135.6,-25.65,42.5
135.85,-25.65,44.4
136.1,-25.65,46.6
136.35,-25.65,47.8
136.6,-25.65,50.2
136.85,-25.65,50.9
137.1,-25.65,52.3
137.35,-25.65,54.1
137.6,-25.65,54.2
137.85,-25.65,53.1
138.1,-25.65,52.8
138.35,-25.65,51.9
138.6,-25.65,48.9
138.85,-25.65,45.6
139.1,-25.65,41.9
139.35,-25.65,37.2
139.6,-25.65,33.4
139.85,-25.65,33.1
140.1,-25.65,37.3
140.35,-25.65,43.9
140.6,-25.65,50.1
140.85,-25.65,54.3
141.1,-25.65,56.1
141.35,-25.65,58.2
141.6,-25.65,61.1
141.85,-25.65,62.1
142.1,-25.65,57.0
142.35,-25.65,55.6
142.6,-25.65,56.1
142.85,-25.65,55.8
143.1,-25.65,51.8
143.35,-25.65,44.8
143.6,-25.65,47.8
143.85,-25.65,61.3
144.1,-25.65,61.8
144.35,-25.65,56.0
144.6,-25.65,54.0
144.85,-25.65,56.6
145.1,-25.65,56.8
145.35,-25.65,55.5
145.6,-25.65,55.4
145.85,-25.65,54.6
146.1,-25.65,50.5
146.35,-25.65,55.1
146.6,-25.65,57.6
146.85,-25.65,56.4
147.1,-25.65,60.9
147.35,-25.65,64.5
147.6,-25.65,64.3
147.85,-25.65,67.7
148.1,-25.65,72.6
148.35,-25.65,74.1
148.6,-25.65,69.2
148.85,-25.65,60.2
149.1,-25.65,65.4
149.35,-25.65,70.3
149.6,-25.65,68.2
149.85,-25.65,69.9
150.1,-25.65,70.4
150.35,-25.65,75.6
150.6,-25.65,80.9
150.85,-25.65,80.0
151.1,-25.65,78.6
151.35,-25.65,79.4
151.6,-25.65,77.3
151.85,-25.65,82.4
152.1,-25.65,81.9
152.35,-25.65,81.4
152.6,-25.65,83.2
152.85,-25.65,79.9
153.1,-25.65,81.4
112.85,-25.4,59.2
113.1,-25.4,58.1
113.6,-25.4,59.3
113.85,-25.4,56.1
114.1,-25.4,59.9
114.35,-25.4,60.9
114.6,-25.4,66.2
114.85,-25.4,70.6
115.1,-25.4,71.4
115.35,-25.4,78.2
115.6,-25.4,85.8
115.85,-25.4,87.1
116.1,-25.4,95.1
116.35,-25.4,92.1
116.6,-25.4,74.9
116.85,-25.4,62.1
117.1,-25.4,61.3
117.35,-25.4,62.9
117.6,-25.4,64.8
117.85,-25.4,64.9
118.1,-25.4,69.2
118.35,-25.4,77.0
118.6,-25.4,85.3
118.85,-25.4,92.0
119.1,-25.4,93.6
119.35,-25.4,92.3
119.6,-25.4,88.5
119.85,-25.4,87.6
120.1,-25.4,87.6
120.35,-25.4,87.8
120.6,-25.4,90.4
120.85,-25.4,94.7
121.1,-25.4,97.5
121.35,-25.4,98.7
121.6,-25.4,99.0
121.85,-25.4,101.8
122.1,-25.4,108.0
122.35,-25.4,120.5
122.6,-25.4,134.6
122.85,-25.4,145.7
123.1,-25.4,151.5
123.35,-25.4,151.6
123.6,-25.4,151.3
123.85,-25.4,148.9
124.1,-25.4,145.3
124.35,-25.4,140.6
124.6,-25.4,139.4
124.85,-25.4,135.1
125.1,-25.4,131.7
125.35,-25.4,130.4
125.6,-25.4,129.0
125.85,-25.4,125.2
126.1,-25.4,120.9
126.35,-25.4,116.5
126.6,-25.4,112.8
126.85,-25.4,110.9
127.1,-25.4,108.2
127.35,-25.4,104.6
127.6,-25.4,103.1
127.85,-25.4,102.6
128.1,-25.4,101.1
128.35,-25.4,98.8
128.6,-25.4,96.0
128.85,-25.4,93.0
129.1,-25.4,89.8
129.35,-25.4,87.3
129.6,-25.4,84.1
129.85,-25.4,82.2
130.1,-25.4,80.1
130.35,-25.4,78.4
130.6,-25.4,75.0
130.85,-25.4,72.7
131.1,-25.4,70.7
131.35,-25.4,69.1
131.6,-25.4,67.8
131.85,-25.4,66.9
132.1,-25.4,66.1
132.35,-25.4,64.7
132.6,-25.4,61.3
132.85,-25.4,57.8
133.1,-25.4,55.1
133.35,-25.4,54.3
133.6,-25.4,54.9
133.85,-25.4,55.9
134.1,-25.4,55.0
134.35,-25.4,49.0
134.6,-25.4,45.2
134.85,-25.4,43.6
135.1,-25.4,43.0
135.35,-25.4,42.7
135.6,-25.4,43.0
135.85,-25.4,43.7
136.1,-25.4,46.3
136.35,-25.4,48.0
136.6,-25.4,50.2
136.85,-25.4,51.8
137.1,-25.4,53.6
137.35,-25.4,55.2
137.6,-25.4,56.4
137.85,-25.4,55.8
138.1,-25.4,54.4
138.35,-25.4,53.1
138.6,-25.4,50.0
138.85,-25.4,46.7
139.1,-25.4,42.1
139.35,-25.4,37.7
139.6,-25.4,34.3
139.85,-25.4,34.2
140.1,-25.4,37.7
140.35,-25.4,42.8
140.6,-25.4,47.3
140.85,-25.4,51.0
141.1,-25.4,53.6
141.35,-25.4,55.1
141.6,-25.4,57.3
141.85,-25.4,57.2
142.1,-25.4,55.0
142.35,-25.4,56.4
142.6,-25.4,57.1
142.85,-25.4,64.0
143.1,-25.4,65.9
143.35,-25.4,58.8
143.6,-25.4,59.8
143.85,-25.4,66.7
144.1,-25.4,63.9
144.35,-25.4,57.9
144.6,-25.4,54.6
144.85,-25.4,54.1
145.1,-25.4,53.9
145.35,-25.4,54.9
145.6,-25.4,58.4
145.85,-25.4,61.3
146.1,-25.4,55.1
146.35,-25.4,57.6
146.6,-25.4,57.5
146.85,-25.4,55.5
147.1,-25.4,64.3
147.35,-25.4,72.4
147.6,-25.4,65.9
147.85,-25.4,61.8
148.1,-25.4,67.7
148.35,-25.4,69.8
148.6,-25.4,65.0
148.85,-25.4,62.4
149.1,-25.4,74.8
149.35,-25.4,73.9
149.6,-25.4,75.5
149.85,-25.4,74.9
150.1,-25.4,72.4
150.35,-25.4,76.4
150.6,-25.4,80.4
150.85,-25.4,78.7
151.1,-25.4,77.6
151.35,-25.4,81.1
151.6,-25.4,81.2
151.85,-25.4,84.6
152.1,-25.4,87.1
152.35,-25.4,79.4
152.6,-25.4,74.2
152.85,-25.4,78.8
153.1,-25.4,81.8
153.35,-25.4,80.3
113.1,-25.15,54.4
113.6,-25.15,49.9
113.85,-25.15,51.4
114.1,-25.15,54.8
114.35,-25.15,58.5
114.6,-25.15,66.6
114.85,-25.15,71.2
115.1,-25.15,66.7
115.35,-25.15,61.3
115.6,-25.15,67.7
115.85,-25.15,68.4
116.1,-25.15,74.9
116.35,-25.15,82.9
116.6,-25.15,74.3
116.85,-25.15,64.9
117.1,-25.15,62.5
117.35,-25.15,69.5
117.6,-25.15,75.8
117.85,-25.15,76.4
118.1,-25.15,80.1
118.35,-25.15,85.1
118.6,-25.15,85.7
118.85,-25.15,88.9
119.1,-25.15,93.5
119.35,-25.15,94.4
119.6,-25.15,92.3
119.85,-25.15,88.3
120.1,-25.15,86.0
120.35,-25.15,87.7
120.6,-25.15,90.7
120.85,-25.15,93.6
121.1,-25.15,96.9
121.35,-25.15,98.7
121.6,-25.15,99.2
121.85,-25.15,100.2
122.1,-25.15,104.7
122.35,-25.15,116.9
122.6,-25.15,129.3
122.85,-25.15,139.4
123.1,-25.15,146.5
123.35,-25.15,148.2
123.6,-25.15,149.7
123.85,-25.15,147.3
124.1,-25.15,143.6
124.35,-25.15,140.6
124.6,-25.15,137.6
124.85,-25.15,134.9
125.1,-25.15,131.4
125.35,-25.15,129.2
125.6,-25.15,124.9
125.85,-25.15,122.3
126.1,-25.15,119.4
126.35,-25.15,114.1
126.6,-25.15,110.1
126.85,-25.15,109.2
127.1,-25.15,106.1
127.35,-25.15,102.2
127.6,-25.15,100.7
127.85,-25.15,99.8
128.1,-25.15,97.5
128.35,-25.15,95.1
128.6,-25.15,92.8
128.85,-25.15,88.6
129.1,-25.15,85.8
129.35,-25.15,83.9
129.6,-25.15,81.1
129.85,-25.15,79.5
130.1,-25.15,77.4
130.35,-25.15,75.3
130.6,-25.15,72.2
130.85,-25.15,68.8
131.1,-25.15,67.0
131.35,-25.15,67.0
131.6,-25.15,66.3
131.85,-25.15,65.2
132.1,-25.15,63.0
132.35,-25.15,60.4
132.6,-25.15,57.5
132.85,-25.15,55.0
133.1,-25.15,52.6
133.35,-25.15,52.9
133.6,-25.15,53.3
133.85,-25.15,52.1
134.1,-25.15,49.1
134.35,-25.15,45.0
134.6,-25.15,44.0
134.85,-25.15,43.6
135.1,-25.15,43.5
135.35,-25.15,43.4
135.6,-25.15,44.4
135.85,-25.15,45.7
136.1,-25.15,48.1
136.35,-25.15,48.8
136.6,-25.15,51.3
136.85,-25.15,51.8
137.1,-25.15,53.1
137.35,-25.15,55.8
137.6,-25.15,57.8
137.85,-25.15,58.0
138.1,-25.15,55.5
138.35,-25.15,54.8
138.6,-25.15,52.4
138.85,-25.15,49.0
139.1,-25.15,44.7
139.35,-25.15,40.8
139.6,-25.15,37.8
139.85,-25.15,37.8
140.1,-25.15,39.5
140.35,-25.15,42.6
140.6,-25.15,45.6
140.85,-25.15,47.9
141.1,-25.15,49.7
141.35,-25.15,49.9
141.6,-25.15,54.5
141.85,-25.15,57.2
142.1,-25.15,59.3
142.35,-25.15,65.6
142.6,-25.15,74.5
142.85,-25.15,79.6
143.1,-25.15,76.8
143.35,-25.15,70.4
143.6,-25.15,70.6
143.85,-25.15,70.0
144.1,-25.15,62.7
144.35,-25.15,58.0
144.6,-25.15,55.0
144.85,-25.15,52.3
145.1,-25.15,50.7
145.35,-25.15,54.4
145.6,-25.15,61.1
145.85,-25.15,68.6
146.1,-25.15,69.9
146.35,-25.15,68.0
146.6,-25.15,60.6
146.85,-25.15,60.4
147.1,-25.15,64.6
147.35,-25.15,69.5
147.6,-25.15,68.1
147.85,-25.15,68.5
148.1,-25.15,70.0
148.35,-25.15,69.1
148.6,-25.15,68.6
148.85,-25.15,68.9
149.1,-25.15,71.6
149.35,-25.15,71.9
149.6,-25.15,74.2
149.85,-25.15,71.9
150.1,-25.15,71.0
150.35,-25.15,74.3
150.6,-25.15,79.3
150.85,-25.15,82.4
151.1,-25.15,84.0
151.35,-25.15,90.5
151.6,-25.15,87.6
151.85,-25.15,86.3
152.1,-25.15,79.2
152.35,-25.15,73.8
152.6,-25.15,71.7
152.85,-25.15,76.6
153.1,-25.15,79.6
153.35,-25.15,78.3
113.1,-24.9,50.7
113.6,-24.9,48.9
113.85,-24.9,50.7
114.1,-24.9,57.2
114.35,-24.9,68.9
114.6,-24.9,74.2
114.85,-24.9,72.3
115.1,-24.9,66.3
115.35,-24.9,57.8
115.6,-24.9,59.2
115.85,-24.9,58.9
116.1,-24.9,60.6
116.35,-24.9,72.2
116.6,-24.9,72.5
116.85,-24.9,65.6
117.1,-24.9,66.3
117.35,-24.9,75.6
117.6,-24.9,84.7
117.85,-24.9,84.2
118.1,-24.9,82.4
118.35,-24.9,84.2
118.6,-24.9,81.5
118.85,-24.9,83.4
119.1,-24.9,88.0
119.35,-24.9,93.8
119.6,-24.9,94.8
119.85,-24.9,91.3
120.1,-24.9,89.9
120.35,-24.9,90.8
120.6,-24.9,92.7
120.85,-24.9,94.9
121.1,-24.9,97.0
121.35,-24.9,99.3
121.6,-24.9,100.8
121.85,-24.9,103.4
122.1,-24.9,107.8
122.35,-24.9,116.2
122.6,-24.9,126.3
122.85,-24.9,135.7
123.1,-24.9,142.8
123.35,-24.9,145.2
123.6,-24.9,148.4
123.85,-24.9,146.7
124.1,-24.9,143.2
124.35,-24.9,139.6
124.6,-24.9,137.2
124.85,-24.9,135.0
125.1,-24.9,129.6
125.35,-24.9,127.8
125.6,-24.9,123.4
125.85,-24.9,119.4
126.1,-24.9,117.1
126.35,-24.9,112.4
126.6,-24.9,108.9
126.85,-24.9,105.9
127.1,-24.9,103.4
127.35,-24.9,100.4
127.6,-24.9,98.4
127.85,-24.9,95.9
128.1,-24.9,94.2
128.35,-24.9,92.5
128.6,-24.9,90.0
128.85,-24.9,86.8
129.1,-24.9,83.5
129.35,-24.9,81.4
129.6,-24.9,80.2
129.85,-24.9,77.9
130.1,-24.9,75.3
130.35,-24.9,73.2
130.6,-24.9,70.9
130.85,-24.9,68.8
131.1,-24.9,67.2
131.35,-24.9,67.1
131.6,-24.9,66.3
131.85,-24.9,64.4
132.1,-24.9,60.8
132.35,-24.9,57.1
132.6,-24.9,54.8
132.85,-24.9,53.2
133.1,-24.9,53.6
133.35,-24.9,53.7
133.6,-24.9,52.4
133.85,-24.9,50.3
134.1,-24.9,48.9
134.35,-24.9,45.3
134.6,-24.9,44.1
134.85,-24.9,43.3
135.1,-24.9,43.4
135.35,-24.9,44.7
135.6,-24.9,46.0
135.85,-24.9,46.8
136.1,-24.9,49.7
136.35,-24.9,49.9
136.6,-24.9,52.0
136.85,-24.9,53.6
137.1,-24.9,54.7
137.35,-24.9,56.7
137.6,-24.9,58.5
137.85,-24.9,59.3
138.1,-24.9,57.5
138.35,-24.9,57.2
138.6,-24.9,56.0
138.85,-24.9,53.8
139.1,-24.9,50.8
139.35,-24.9,46.6
139.6,-24.9,42.3
139.85,-24.9,41.6
140.1,-24.9,42.1
140.35,-24.9,43.5
140.6,-24.9,45.6
140.85,-24.9,46.9
141.1,-24.9,48.7
141.35,-24.9,51.1
141.6,-24.9,55.8
141.85,-24.9,60.6
142.1,-24.9,66.9
142.35,-24.9,75.9
142.6,-24.9,79.5
142.85,-24.9,65.8
143.1,-24.9,62.5
143.35,-24.9,75.9
143.6,-24.9,76.1
143.85,-24.9,70.1
144.1,-24.9,59.3
144.35,-24.9,57.4
144.6,-24.9,57.1
144.85,-24.9,53.9
145.1,-24.9,49.8
145.35,-24.9,53.9
145.6,-24.9,60.1
145.85,-24.9,66.6
146.1,-24.9,69.9
146.35,-24.9,72.3
146.6,-24.9,65.5
146.85,-24.9,65.2
147.1,-24.9,65.2
147.35,-24.9,64.8
147.6,-24.9,70.7
147.85,-24.9,77.0
148.1,-24.9,72.8
148.35,-24.9,70.3
148.6,-24.9,75.9
148.85,-24.9,71.4
149.1,-24.9,66.0
149.35,-24.9,71.0
149.6,-24.9,71.5
149.85,-24.9,68.8
150.1,-24.9,72.0
150.35,-24.9,72.3
150.6,-24.9,79.1
150.85,-24.9,88.2
151.1,-24.9,87.3
151.35,-24.9,99.7
151.6,-24.9,95.5
151.85,-24.9,85.7
152.1,-24.9,81.5
152.35,-24.9,70.2
152.6,-24.9,65.7
153.1,-24.9,76.3
153.35,-24.9,76.8
113.1,-24.65,48.6
113.35,-24.65,47.4
113.6,-24.65,47.2
113.85,-24.65,53.5
114.1,-24.65,64.0
114.35,-24.65,75.7
114.6,-24.65,77.6
114.85,-24.65,70.8
115.1,-24.65,65.6
115.35,-24.65,61.0
115.6,-24.65,56.4
115.85,-24.65,57.3
116.1,-24.65,63.8
116.35,-24.65,76.9
116.6,-24.65,76.6
116.85,-24.65,69.8
117.1,-24.65,70.2
117.35,-24.65,81.8
117.6,-24.65,100.3
117.85,-24.65,94.2
118.1,-24.65,84.4
118.35,-24.65,82.6
118.6,-24.65,80.0
118.85,-24.65,79.4
119.1,-24.65,83.6
119.35,-24.65,91.1
119.6,-24.65,95.9
119.85,-24.65,96.6
120.1,-24.65,95.4
120.35,-24.65,94.5
120.6,-24.65,94.8
120.85,-24.65,95.8
121.1,-24.65,97.7
121.35,-24.65,100.3
121.6,-24.65,103.3
121.85,-24.65,106.7
122.1,-24.65,110.4
122.35,-24.65,116.8
122.6,-24.65,125.7
122.85,-24.65,134.9
123.1,-24.65,141.2
123.35,-24.65,143.8
123.6,-24.65,144.2
123.85,-24.65,142.9
124.1,-24.65,139.0
124.35,-24.65,137.1
124.6,-24.65,135.9
124.85,-24.65,132.0
125.1,-24.65,129.3
125.35,-24.65,125.6
125.6,-24.65,123.8
125.85,-24.65,118.2
126.1,-24.65,115.5
126.35,-24.65,110.6
126.6,-24.65,107.3
126.85,-24.65,103.6
127.1,-24.65,100.8
127.35,-24.65,97.6
127.6,-24.65,95.8
127.85,-24.65,93.8
128.1,-24.65,92.0
128.35,-24.65,90.1
128.6,-24.65,87.6
128.85,-24.65,85.4
129.1,-24.65,82.9
129.35,-24.65,80.5
129.6,-24.65,78.4
129.85,-24.65,75.4
130.1,-24.65,73.5
130.35,-24.65,71.9
130.6,-24.65,70.3
130.85,-24.65,69.0
131.1,-24.65,68.3
131.35,-24.65,68.3
131.6,-24.65,68.2
131.85,-24.65,65.2
132.1,-24.65,60.0
132.35,-24.65,54.3
132.6,-24.65,52.4
132.85,-24.65,51.7
133.1,-24.65,50.3
133.35,-24.65,49.5
133.6,-24.65,50.5
133.85,-24.65,50.7
134.1,-24.65,49.7
134.35,-24.65,45.8
134.6,-24.65,43.9
134.85,-24.65,43.6
135.1,-24.65,43.7
135.35,-24.65,45.4
135.6,-24.65,47.0
135.85,-24.65,48.5
136.1,-24.65,50.3
136.35,-24.65,52.4
136.6,-24.65,53.6
136.85,-24.65,55.5
137.1,-24.65,57.1
137.35,-24.65,59.0
137.6,-24.65,60.7
137.85,-24.65,61.1
138.1,-24.65,59.8
138.35,-24.65,59.9
138.6,-24.65,59.7
138.85,-24.65,59.8
139.1,-24.65,59.2
139.35,-24.65,56.2
139.6,-24.65,49.6
139.85,-24.65,46.6
140.1,-24.65,44.8
140.35,-24.65,45.1
140.6,-24.65,46.0
140.85,-24.65,46.7
141.1,-24.65,48.7
141.35,-24.65,52.6
141.6,-24.65,57.5
141.85,-24.65,64.0
142.1,-24.65,70.6
142.35,-24.65,77.4
142.6,-24.65,79.1
142.85,-24.65,72.1
143.1,-24.65,80.1
143.35,-24.65,83.1
143.6,-24.65,72.1
143.85,-24.65,61.9
144.1,-24.65,55.3
144.35,-24.65,60.0
144.6,-24.65,63.9
144.85,-24.65,60.5
145.1,-24.65,56.2
145.35,-24.65,55.6
145.6,-24.65,58.6
145.85,-24.65,60.2
146.1,-24.65,61.4
146.35,-24.65,64.4
146.6,-24.65,65.3
146.85,-24.65,66.1
147.1,-24.65,64.3
147.35,-24.65,59.7
147.6,-24.65,68.7
147.85,-24.65,72.4
148.1,-24.65,69.3
148.35,-24.65,66.1
148.6,-24.65,70.6
148.85,-24.65,67.6
149.1,-24.65,66.8
149.35,-24.65,73.4
149.6,-24.65,72.1
149.85,-24.65,68.7
150.1,-24.65,71.1
150.35,-24.65,71.0
150.6,-24.65,69.8
150.85,-24.65,86.5
151.1,-24.65,85.6
151.35,-24.65,81.0
151.6,-24.65,82.4
151.85,-24.65,84.8
152.1,-24.65,87.3
152.35,-24.65,80.5
153.1,-24.65,75.4
153.35,-24.65,75.2
113.35,-24.4,48.7
113.6,-24.4,50.3
113.85,-24.4,56.4
114.1,-24.4,67.4
114.35,-24.4,79.6
114.6,-24.4,81.0
114.85,-24.4,74.2
115.1,-24.4,68.0
115.35,-24.4,63.5
115.6,-24.4,57.6
115.85,-24.4,59.6
116.1,-24.4,68.6
116.35,-24.4,87.3
116.6,-24.4,80.4
116.85,-24.4,75.0
117.1,-24.4,72.7
117.35,-24.4,80.1
117.6,-24.4,91.9
117.85,-24.4,93.1
118.1,-24.4,90.4
118.35,-24.4,87.7
118.6,-24.4,83.6
118.85,-24.4,78.8
119.1,-24.4,82.9
119.35,-24.4,92.9
119.6,-24.4,100.4
119.85,-24.4,101.8
120.1,-24.4,100.0
120.35,-24.4,97.3
120.6,-24.4,96.5
120.85,-24.4,96.3
121.1,-24.4,98.9
121.35,-24.4,101.3
121.6,-24.4,105.1
121.85,-24.4,107.6
122.1,-24.4,113.5
122.35,-24.4,119.5
122.6,-24.4,126.4
122.85,-24.4,134.2
123.1,-24.4,139.6
123.35,-24.4,142.9
123.6,-24.4,142.7
123.85,-24.4,140.0
124.1,-24.4,138.7
124.35,-24.4,138.8
124.6,-24.4,135.6
124.85,-24.4,130.3
125.1,-24.4,127.4
125.35,-24.4,123.0
125.6,-24.4,120.7
125.85,-24.4,116.4
126.1,-24.4,112.5
126.35,-24.4,109.0
126.6,-24.4,104.3
126.85,-24.4,101.3
127.1,-24.4,98.1
127.35,-24.4,93.8
127.6,-24.4,92.0
127.85,-24.4,90.5
128.1,-24.4,89.3
128.35,-24.4,86.3
128.6,-24.4,84.9
128.85,-24.4,82.9
129.1,-24.4,80.8
129.35,-24.4,78.5
129.6,-24.4,76.5
129.85,-24.4,73.8
130.1,-24.4,72.1
130.35,-24.4,70.3
130.6,-24.4,68.7
130.85,-24.4,68.0
131.1,-24.4,68.5
131.35,-24.4,70.3
131.6,-24.4,70.7
131.85,-24.4,66.5
132.1,-24.4,61.2
132.35,-24.4,54.6
132.6,-24.4,52.0
132.85,-24.4,50.6
133.1,-24.4,47.2
133.35,-24.4,46.5
133.6,-24.4,49.1
133.85,-24.4,49.1
134.1,-24.4,46.3
134.35,-24.4,44.9
134.6,-24.4,43.1
134.85,-24.4,42.2
135.1,-24.4,43.0
135.35,-24.4,45.3
135.6,-24.4,49.1
135.85,-24.4,50.6
136.1,-24.4,51.4
136.35,-24.4,54.0
136.6,-24.4,55.5
136.85,-24.4,57.3
137.1,-24.4,59.1
137.35,-24.4,61.6
137.6,-24.4,63.2
137.85,-24.4,63.1
138.1,-24.4,63.0
138.35,-24.4,63.4
138.6,-24.4,63.7
138.85,-24.4,65.9
139.1,-24.4,68.3
139.35,-24.4,72.6
139.6,-24.4,65.4
139.85,-24.4,54.0
140.1,-24.4,48.6
140.35,-24.4,46.1
140.6,-24.4,45.8
140.85,-24.4,46.7
141.1,-24.4,50.0
141.35,-24.4,54.4
141.6,-24.4,58.5
141.85,-24.4,64.5
142.1,-24.4,71.3
142.35,-24.4,74.3
142.6,-24.4,78.0
142.85,-24.4,81.7
143.1,-24.4,85.6
143.35,-24.4,79.1
143.6,-24.4,71.9
143.85,-24.4,63.2
144.1,-24.4,63.5
144.35,-24.4,66.2
144.6,-24.4,65.2
144.85,-24.4,57.6
145.1,-24.4,59.7
145.35,-24.4,59.3
145.6,-24.4,60.3
145.85,-24.4,56.9
146.1,-24.4,57.1
146.35,-24.4,59.7
146.6,-24.4,64.7
146.85,-24.4,66.9
147.1,-24.4,64.1
147.35,-24.4,63.5
147.6,-24.4,65.4
147.85,-24.4,69.3
148.1,-24.4,74.6
148.35,-24.4,69.7
148.6,-24.4,73.9
148.85,-24.4,69.9
149.1,-24.4,69.2
149.35,-24.4,72.5
149.6,-24.4,73.6
149.85,-24.4,76.2
150.1,-24.4,73.5
150.35,-24.4,67.8
150.6,-24.4,67.6
150.85,-24.4,79.5
151.1,-24.4,79.5
151.35,-24.4,75.8
151.6,-24.4,81.0
151.85,-24.4,82.6
152.1,-24.4,80.1
113.35,-24.15,49.4
113.6,-24.15,52.0
113.85,-24.15,56.9
114.1,-24.15,66.3
114.35,-24.15,78.0
114.6,-24.15,79.0
114.85,-24.15,73.8
115.1,-24.15,73.5
115.35,-24.15,70.4
115.6,-24.15,69.7
115.85,-24.15,65.8
116.1,-24.15,56.2
116.35,-24.15,63.4
116.6,-24.15,74.9
116.85,-24.15,77.5
117.1,-24.15,73.0
117.35,-24.15,73.2
117.6,-24.15,79.5
117.85,-24.15,89.8
118.1,-24.15,95.2
118.35,-24.15,94.2
118.6,-24.15,88.1
118.85,-24.15,84.1
119.1,-24.15,86.1
119.35,-24.15,96.1
119.6,-24.15,104.9
119.85,-24.15,105.6
120.1,-24.15,100.0
120.35,-24.15,96.3
120.6,-24.15,94.6
120.85,-24.15,96.3
121.1,-24.15,99.0
121.35,-24.15,101.4
121.6,-24.15,105.6
121.85,-24.15,109.9
122.1,-24.15,115.5
122.35,-24.15,121.7
122.6,-24.15,127.1
122.85,-24.15,134.6
123.1,-24.15,138.9
123.35,-24.15,141.8
123.6,-24.15,141.4
123.85,-24.15,138.3
124.1,-24.15,137.6
124.35,-24.15,136.6
124.6,-24.15,133.0
124.85,-24.15,129.4
125.1,-24.15,126.0
125.35,-24.15,121.8
125.6,-24.15,118.5
125.85,-24.15,113.5
126.1,-24.15,109.9
126.35,-24.15,106.5
126.6,-24.15,101.0
126.85,-24.15,97.8
127.1,-24.15,95.7
127.35,-24.15,91.5
127.6,-24.15,90.7
127.85,-24.15,88.1
128.1,-24.15,85.0
128.35,-24.15,82.9
128.6,-24.15,81.2
128.85,-24.15,79.9
129.1,-24.15,77.3
129.35,-24.15,76.0
129.6,-24.15,73.9
129.85,-24.15,71.4
130.1,-24.15,69.2
130.35,-24.15,67.8
130.6,-24.15,66.7
130.85,-24.15,66.3
131.1,-24.15,67.5
131.35,-24.15,69.4
131.6,-24.15,69.8
131.85,-24.15,66.9
132.1,-24.15,62.2
132.35,-24.15,58.3
132.6,-24.15,55.9
132.85,-24.15,51.5
133.1,-24.15,46.5
133.35,-24.15,49.8
133.6,-24.15,51.3
133.85,-24.15,48.1
134.1,-24.15,45.0
134.35,-24.15,43.1
134.6,-24.15,41.4
134.85,-24.15,40.9
135.1,-24.15,42.5
135.35,-24.15,47.8
135.6,-24.15,51.4
135.85,-24.15,52.3
136.1,-24.15,53.3
136.35,-24.15,56.7
136.6,-24.15,58.3
136.85,-24.15,59.4
137.1,-24.15,61.0
137.35,-24.15,62.3
137.6,-24.15,64.0
137.85,-24.15,64.2
138.1,-24.15,64.8
138.35,-24.15,65.5
138.6,-24.15,66.3
138.85,-24.15,68.6
139.1,-24.15,72.5
139.35,-24.15,76.9
139.6,-24.15,71.8
139.85,-24.15,60.0
140.1,-24.15,52.0
140.35,-24.15,48.2
140.6,-24.15,46.2
140.85,-24.15,47.3
141.1,-24.15,50.8
141.35,-24.15,54.3
141.6,-24.15,58.7
141.85,-24.15,63.1
142.1,-24.15,68.1
142.35,-24.15,71.7
142.6,-24.15,79.0
142.85,-24.15,83.4
143.1,-24.15,83.5
143.35,-24.15,79.7
143.6,-24.15,75.1
143.85,-24.15,68.1
144.1,-24.15,68.1
144.35,-24.15,69.5
144.6,-24.15,66.4
144.85,-24.15,57.8
145.1,-24.15,54.5
145.35,-24.15,54.2
145.6,-24.15,55.4
145.85,-24.15,54.2
146.1,-24.15,55.2
146.35,-24.15,58.6
146.6,-24.15,66.3
146.85,-24.15,66.8
147.1,-24.15,64.2
147.35,-24.15,65.5
147.6,-24.15,68.7
147.85,-24.15,71.3
148.1,-24.15,79.8
148.35,-24.15,72.5
148.6,-24.15,75.6
148.85,-24.15,76.3
149.1,-24.15,70.1
149.35,-24.15,69.4
149.6,-24.15,72.3
149.85,-24.15,76.9
150.1,-24.15,73.1
150.35,-24.15,74.4
150.6,-24.15,76.1
150.85,-24.15,77.9
151.1,-24.15,79.4
151.35,-24.15,74.0
151.6,-24.15,71.9
151.85,-24.15,74.9
113.35,-23.9,51.1
113.6,-23.9,51.6
113.85,-23.9,54.5
114.1,-23.9,63.2
114.35,-23.9,74.8
114.6,-23.9,74.2
114.85,-23.9,71.5
115.1,-23.9,80.5
115.35,-23.9,76.0
115.6,-23.9,72.1
115.85,-23.9,66.9
116.1,-23.9,54.3
116.35,-23.9,56.7
116.6,-23.9,66.1
116.85,-23.9,71.9
117.1,-23.9,73.6
117.35,-23.9,74.7
117.6,-23.9,81.5
117.85,-23.9,95.2
118.1,-23.9,98.4
118.35,-23.9,95.6
118.6,-23.9,91.2
118.85,-23.9,85.8
119.1,-23.9,85.7
119.35,-23.9,94.1
119.6,-23.9,103.4
119.85,-23.9,104.8
120.1,-23.9,99.4
120.35,-23.9,92.8
120.6,-23.9,94.7
120.85,-23.9,96.5
121.1,-23.9,99.9
121.35,-23.9,103.3
121.6,-23.9,107.9
121.85,-23.9,112.6
122.1,-23.9,118.2
122.35,-23.9,123.7
122.6,-23.9,128.6
122.85,-23.9,134.9
123.1,-23.9,138.5
123.35,-23.9,140.0
123.6,-23.9,142.3
123.85,-23.9,139.3
124.1,-23.9,136.3
124.35,-23.9,134.3
124.6,-23.9,132.2
124.85,-23.9,128.5
125.1,-23.9,125.0
125.35,-23.9,122.9
125.6,-23.9,118.7
125.85,-23.9,113.4
126.1,-23.9,109.6
126.35,-23.9,106.5
126.6,-23.9,100.8
126.85,-23.9,96.6
127.1,-23.9,93.4
127.35,-23.9,90.1
127.6,-23.9,88.7
127.85,-23.9,85.1
128.1,-23.9,82.5
128.35,-23.9,80.1
128.6,-23.9,76.6
128.85,-23.9,76.6
129.1,-23.9,74.6
129.35,-23.9,72.3
129.6,-23.9,70.5
129.85,-23.9,67.9
130.1,-23.9,65.8
130.35,-23.9,64.7
130.6,-23.9,64.4
130.85,-23.9,64.3
131.1,-23.9,65.2
131.35,-23.9,66.4
131.6,-23.9,66.1
131.85,-23.9,64.9
132.1,-23.9,63.4
132.35,-23.9,62.9
132.6,-23.9,61.7
132.85,-23.9,54.7
133.1,-23.9,47.1
133.35,-23.9,54.1
133.6,-23.9,54.9
133.85,-23.9,47.5
134.1,-23.9,46.9
134.35,-23.9,47.0
134.6,-23.9,44.5
134.85,-23.9,40.3
135.1,-23.9,41.3
135.35,-23.9,48.4
135.6,-23.9,52.3
135.85,-23.9,54.1
136.1,-23.9,56.1
136.35,-23.9,59.2
136.6,-23.9,61.1
136.85,-23.9,63.0
137.1,-23.9,64.2
137.35,-23.9,65.0
137.6,-23.9,65.2
137.85,-23.9,65.6
138.1,-23.9,65.1
138.35,-23.9,65.6
138.6,-23.9,66.5
138.85,-23.9,68.1
139.1,-23.9,70.0
139.35,-23.9,72.2
139.6,-23.9,69.0
139.85,-23.9,61.5
140.1,-23.9,54.1
140.35,-23.9,49.1
140.6,-23.9,47.5
140.85,-23.9,47.6
141.1,-23.9,49.7
141.35,-23.9,53.5
141.6,-23.9,57.5
141.85,-23.9,61.9
142.1,-23.9,66.0
142.35,-23.9,71.7
142.6,-23.9,79.5
142.85,-23.9,84.0
143.1,-23.9,81.6
143.35,-23.9,77.5
143.6,-23.9,78.7
143.85,-23.9,68.2
144.1,-23.9,67.6
144.35,-23.9,68.3
144.6,-23.9,69.5
144.85,-23.9,61.4
145.1,-23.9,55.9
145.35,-23.9,53.7
145.6,-23.9,54.1
145.85,-23.9,53.5
146.1,-23.9,54.7
146.35,-23.9,58.8
146.6,-23.9,63.9
146.85,-23.9,65.7
147.1,-23.9,64.6
147.35,-23.9,63.3
147.6,-23.9,74.6
147.85,-23.9,72.3
148.1,-23.9,71.8
148.35,-23.9,68.9
148.6,-23.9,75.6
148.85,-23.9,74.8
149.1,-23.9,72.8
149.35,-23.9,70.9
149.6,-23.9,73.0
149.85,-23.9,73.0
150.1,-23.9,70.6
150.35,-23.9,73.9
150.6,-23.9,74.3
150.85,-23.9,72.2
151.1,-23.9,77.3
151.35,-23.9,74.6
151.6,-23.9,67.7
151.85,-23.9,63.8
113.6,-23.65,51.3
113.85,-23.65,55.2
114.1,-23.65,66.3
114.35,-23.65,80.3
114.6,-23.65,79.4
114.85,-23.65,73.8
115.1,-23.65,73.3
115.35,-23.65,70.5
115.6,-23.65,69.8
115.85,-23.65,64.4
116.1,-23.65,57.7
116.35,-23.65,59.4
116.6,-23.65,66.7
116.85,-23.65,73.2
117.1,-23.65,78.9
117.35,-23.65,86.8
117.6,-23.65,102.7
117.85,-23.65,109.3
118.1,-23.65,105.2
118.35,-23.65,99.7
118.6,-23.65,95.2
118.85,-23.65,87.1
119.1,-23.65,81.4
119.35,-23.65,87.1
119.6,-23.65,95.2
119.85,-23.65,101.9
120.1,-23.65,100.0
120.35,-23.65,94.3
120.6,-23.65,93.8
120.85,-23.65,95.0
121.1,-23.65,99.4
121.35,-23.65,104.8
121.6,-23.65,110.5
121.85,-23.65,115.0
122.1,-23.65,121.2
122.35,-23.65,126.6
122.6,-23.65,131.5
122.85,-23.65,136.6
123.1,-23.65,139.3
123.35,-23.65,140.1
123.6,-23.65,142.6
123.85,-23.65,142.7
124.1,-23.65,138.5
124.35,-23.65,134.4
124.6,-23.65,129.8
124.85,-23.65,125.3
125.1,-23.65,122.9
125.35,-23.65,121.8
125.6,-23.65,117.9
125.85,-23.65,112.8
126.1,-23.65,108.4
126.35,-23.65,105.1
126.6,-23.65,100.2
126.85,-23.65,94.7
127.1,-23.65,91.8
127.35,-23.65,89.8
127.6,-23.65,86.1
127.85,-23.65,82.5
128.1,-23.65,79.3
128.35,-23.65,76.4
128.6,-23.65,74.4
128.85,-23.65,72.8
129.1,-23.65,72.1
129.35,-23.65,70.3
129.6,-23.65,67.1
129.85,-23.65,64.3
130.1,-23.65,62.1
130.35,-23.65,61.1
130.6,-23.65,60.8
130.85,-23.65,61.7
131.1,-23.65,62.9
131.35,-23.65,63.2
131.6,-23.65,62.7
131.85,-23.65,62.4
132.1,-23.65,63.9
132.35,-23.65,66.0
132.6,-23.65,67.9
132.85,-23.65,62.0
133.1,-23.65,50.6
133.35,-23.65,48.5
133.6,-23.65,49.5
133.85,-23.65,44.4
134.1,-23.65,49.1
134.35,-23.65,57.8
134.6,-23.65,53.8
134.85,-23.65,45.2
135.1,-23.65,43.6
135.35,-23.65,47.8
135.6,-23.65,52.3
135.85,-23.65,56.4
136.1,-23.65,59.7
136.35,-23.65,62.3
136.6,-23.65,65.7
136.85,-23.65,66.3
137.1,-23.65,67.8
137.35,-23.65,68.3
137.6,-23.65,67.2
137.85,-23.65,66.9
138.1,-23.65,65.8
138.35,-23.65,65.2
138.6,-23.65,65.3
138.85,-23.65,66.4
139.1,-23.65,67.2
139.35,-23.65,66.6
139.6,-23.65,65.4
139.85,-23.65,60.9
140.1,-23.65,55.8
140.35,-23.65,51.3
140.6,-23.65,47.6
140.85,-23.65,47.5
141.1,-23.65,49.8
141.35,-23.65,54.9
141.6,-23.65,58.9
141.85,-23.65,60.7
142.1,-23.65,64.3
142.35,-23.65,71.6
142.6,-23.65,79.6
142.85,-23.65,82.9
143.1,-23.65,81.2
143.35,-23.65,77.1
143.6,-23.65,75.5
143.85,-23.65,69.5
144.1,-23.65,65.4
144.35,-23.65,61.0
144.6,-23.65,62.2
144.85,-23.65,60.1
145.1,-23.65,59.1
145.35,-23.65,54.9
145.6,-23.65,54.5
145.85,-23.65,53.5
146.1,-23.65,54.5
146.35,-23.65,58.6
146.6,-23.65,62.1
146.85,-23.65,63.9
147.1,-23.65,60.3
147.35,-23.65,59.2
147.6,-23.65,69.0
147.85,-23.65,69.8
148.1,-23.65,70.9
148.35,-23.65,70.5
148.6,-23.65,70.9
148.85,-23.65,77.3
149.1,-23.65,73.2
149.35,-23.65,70.0
149.6,-23.65,74.6
149.85,-23.65,75.9
150.1,-23.65,76.9
150.35,-23.65,75.1
150.6,-23.65,73.0
150.85,-23.65,73.0
151.1,-23.65,76.9
151.35,-23.65,77.8
113.85,-23.4,58.8
114.1,-23.4,70.0
114.35,-23.4,84.6
114.6,-23.4,78.0
114.85,-23.4,70.3
115.1,-23.4,70.6
115.35,-23.4,71.6
115.6,-23.4,70.5
115.85,-23.4,67.5
116.1,-23.4,63.9
116.35,-23.4,67.5
116.6,-23.4,72.8
116.85,-23.4,78.6
117.1,-23.4,84.1
117.35,-23.4,90.0
117.6,-23.4,100.5
117.85,-23.4,105.4
118.1,-23.4,102.1
118.35,-23.4,99.6
118.6,-23.4,93.8
118.85,-23.4,87.3
119.1,-23.4,82.2
119.35,-23.4,83.8
119.6,-23.4,87.4
119.85,-23.4,96.3
120.1,-23.4,98.3
120.35,-23.4,96.2
120.6,-23.4,94.3
120.85,-23.4,95.0
121.1,-23.4,100.1
121.35,-23.4,106.7
121.6,-23.4,111.6
121.85,-23.4,116.9
122.1,-23.4,123.1
122.35,-23.4,128.6
122.6,-23.4,134.4
122.85,-23.4,140.2
123.1,-23.4,140.8
123.35,-23.4,143.4
123.6,-23.4,143.7
123.85,-23.4,138.7
124.1,-23.4,137.1
124.35,-23.4,134.3
124.6,-23.4,129.7
124.85,-23.4,124.1
125.1,-23.4,121.6
125.35,-23.4,120.9
125.6,-23.4,115.7
125.85,-23.4,110.4
126.1,-23.4,105.6
126.35,-23.4,102.5
126.6,-23.4,99.3
126.85,-23.4,94.3
127.1,-23.4,90.6
127.35,-23.4,87.0
127.6,-23.4,83.3
127.85,-23.4,79.1
128.1,-23.4,75.6
128.35,-23.4,71.9
128.6,-23.4,71.2
128.85,-23.4,70.5
129.1,-23.4,69.3
129.35,-23.4,67.6
129.6,-23.4,63.9
129.85,-23.4,60.3
130.1,-23.4,57.1
130.35,-23.4,55.9
130.6,-23.4,56.3
130.85,-23.4,57.7
131.1,-23.4,59.3
131.35,-23.4,60.5
131.6,-23.4,60.7
131.85,-23.4,60.3
132.1,-23.4,63.8
132.35,-23.4,66.2
132.6,-23.4,69.8
132.85,-23.4,62.9
133.1,-23.4,51.6
133.35,-23.4,44.5
133.6,-23.4,41.8
133.85,-23.4,38.8
134.1,-23.4,45.4
134.35,-23.4,58.8
134.6,-23.4,57.6
134.85,-23.4,51.1
135.1,-23.4,48.5
135.35,-23.4,51.4
135.6,-23.4,56.2
135.85,-23.4,61.1
136.1,-23.4,65.5
136.35,-23.4,67.3
136.6,-23.4,70.3
136.85,-23.4,71.1
137.1,-23.4,72.0
137.35,-23.4,71.8
137.6,-23.4,70.0
137.85,-23.4,68.5
138.1,-23.4,65.4
138.35,-23.4,63.5
138.6,-23.4,62.7
138.85,-23.4,62.6
139.1,-23.4,62.5
139.35,-23.4,62.5
139.6,-23.4,62.6
139.85,-23.4,61.4
140.1,-23.4,56.8
140.35,-23.4,54.7
140.6,-23.4,53.7
140.85,-23.4,52.8
141.1,-23.4,55.1
141.35,-23.4,59.4
141.6,-23.4,62.6
141.85,-23.4,60.0
142.1,-23.4,61.9
142.35,-23.4,70.6
142.6,-23.4,79.9
142.85,-23.4,81.1
143.1,-23.4,77.8
143.35,-23.4,75.1
143.6,-23.4,73.1
143.85,-23.4,67.9
144.1,-23.4,60.9
144.35,-23.4,51.5
144.6,-23.4,50.0
144.85,-23.4,55.1
145.1,-23.4,55.3
145.35,-23.4,50.4
145.6,-23.4,49.6
145.85,-23.4,51.1
146.1,-23.4,54.7
146.35,-23.4,63.4
146.6,-23.4,66.4
146.85,-23.4,61.9
147.1,-23.4,60.1
147.35,-23.4,61.4
147.6,-23.4,61.5
147.85,-23.4,64.7
148.1,-23.4,69.5
148.35,-23.4,72.0
148.6,-23.4,70.9
148.85,-23.4,69.6
149.1,-23.4,69.7
149.35,-23.4,70.2
149.6,-23.4,74.0
149.85,-23.4,75.0
150.1,-23.4,73.0
150.35,-23.4,68.3
150.6,-23.4,65.0
150.85,-23.4,70.4
151.1,-23.4,83.4
151.35,-23.4,92.0
113.85,-23.15,65.4
114.1,-23.15,66.6
114.35,-23.15,64.5
114.6,-23.15,58.3
114.85,-23.15,62.5
115.1,-23.15,69.7
115.35,-23.15,74.7
115.6,-23.15,73.5
115.85,-23.15,69.2
116.1,-23.15,70.5
116.35,-23.15,78.0
116.6,-23.15,82.3
116.85,-23.15,85.4
117.1,-23.15,86.5
117.35,-23.15,85.7
117.6,-23.15,89.4
117.85,-23.15,95.8
118.1,-23.15,98.4
118.35,-23.15,96.4
118.6,-23.15,92.4
118.85,-23.15,88.4
119.1,-23.15,86.4
119.35,-23.15,84.3
119.6,-23.15,84.4
119.85,-23.15,86.4
120.1,-23.15,88.4
120.35,-23.15,93.1
120.6,-23.15,98.0
120.85,-23.15,100.6
121.1,-23.15,103.6
121.35,-23.15,109.5
121.6,-23.15,114.8
121.85,-23.15,120.1
122.1,-23.15,126.6
122.35,-23.15,132.7
122.6,-23.15,135.5
122.85,-23.15,139.2
123.1,-23.15,141.5
123.35,-23.15,143.7
123.6,-23.15,141.8
123.85,-23.15,139.4
124.1,-23.15,136.7
124.35,-23.15,133.9
124.6,-23.15,129.8
124.85,-23.15,127.6
125.1,-23.15,122.7
125.35,-23.15,120.5
125.6,-23.15,111.9
125.85,-23.15,108.3
126.1,-23.15,103.8
126.35,-23.15,99.4
126.6,-23.15,96.5
126.85,-23.15,92.5
127.1,-23.15,88.5
127.35,-23.15,84.8
127.6,-23.15,80.2
127.85,-23.15,77.2
128.1,-23.15,71.4
128.35,-23.15,69.1
128.6,-23.15,67.5
128.85,-23.15,65.6
129.1,-23.15,64.7
129.35,-23.15,63.6
129.6,-23.15,59.9
129.85,-23.15,55.2
130.1,-23.15,52.1
130.35,-23.15,50.8
130.6,-23.15,51.2
130.85,-23.15,53.4
131.1,-23.15,56.7
131.35,-23.15,59.1
131.6,-23.15,60.1
131.85,-23.15,59.8
132.1,-23.15,62.2
132.35,-23.15,65.0
132.6,-23.15,67.4
132.85,-23.15,60.8
133.1,-23.15,52.4
133.35,-23.15,43.7
133.6,-23.15,34.0
133.85,-23.15,27.4
134.1,-23.15,36.7
134.35,-23.15,50.0
134.6,-23.15,55.6
134.85,-23.15,54.9
135.1,-23.15,53.1
135.35,-23.15,55.8
135.6,-23.15,61.9
135.85,-23.15,67.7
136.1,-23.15,74.6
136.35,-23.15,75.3
136.6,-23.15,75.6
136.85,-23.15,75.8
137.1,-23.15,75.6
137.35,-23.15,75.0
137.6,-23.15,72.5
137.85,-23.15,68.8
138.1,-23.15,64.9
138.35,-23.15,61.8
138.6,-23.15,59.2
138.85,-23.15,58.4
139.1,-23.15,59.4
139.35,-23.15,60.6
139.6,-23.15,61.0
139.85,-23.15,61.9
140.1,-23.15,59.8
140.35,-23.15,58.9
140.6,-23.15,64.7
140.85,-23.15,61.8
141.1,-23.15,61.2
141.35,-23.15,62.9
141.6,-23.15,64.5
141.85,-23.15,64.4
142.1,-23.15,68.1
142.35,-23.15,83.0
142.6,-23.15,84.5
142.85,-23.15,78.2
143.1,-23.15,72.6
143.35,-23.15,71.0
143.6,-23.15,72.2
143.85,-23.15,65.3
144.1,-23.15,57.4
144.35,-23.15,50.7
144.6,-23.15,50.2
144.85,-23.15,55.3
145.1,-23.15,53.8
145.35,-23.15,48.3
145.6,-23.15,47.3
145.85,-23.15,50.4
146.1,-23.15,55.6
146.35,-23.15,65.7
146.6,-23.15,71.8
146.85,-23.15,60.6
147.1,-23.15,61.3
147.35,-23.15,67.6
147.6,-23.15,64.7
147.85,-23.15,67.2
148.1,-23.15,69.5
148.35,-23.15,72.8
148.6,-23.15,73.2
148.85,-23.15,71.8
149.1,-23.15,77.5
149.35,-23.15,78.3
149.6,-23.15,75.3
149.85,-23.15,71.3
150.1,-23.15,68.8
150.35,-23.15,70.1
150.6,-23.15,66.8
150.85,-23.15,72.7
151.1,-23.15,83.0
113.85,-22.9,62.7
114.1,-22.9,61.6
114.35,-22.9,55.8
114.6,-22.9,56.8
114.85,-22.9,63.9
115.1,-22.9,71.4
115.35,-22.9,79.2
115.6,-22.9,75.4
115.85,-22.9,69.3
116.1,-22.9,73.9
116.35,-22.9,86.7
116.6,-22.9,85.8
116.85,-22.9,87.1
117.1,-22.9,85.3
117.35,-22.9,81.4
117.6,-22.9,82.7
117.85,-22.9,88.7
118.1,-22.9,91.6
118.35,-22.9,91.0
118.6,-22.9,89.5
118.85,-22.9,90.2
119.1,-22.9,91.1
119.35,-22.9,90.2
119.6,-22.9,88.3
119.85,-22.9,85.7
120.1,-22.9,83.2
120.35,-22.9,92.1
120.6,-22.9,100.8
120.85,-22.9,103.3
121.1,-22.9,108.2
121.35,-22.9,112.2
121.6,-22.9,118.2
121.85,-22.9,123.3
122.1,-22.9,128.8
122.35,-22.9,132.7
122.6,-22.9,136.1
122.85,-22.9,136.7
123.1,-22.9,140.5
123.35,-22.9,141.9
123.6,-22.9,143.4
123.85,-22.9,141.3
124.1,-22.9,136.5
124.35,-22.9,131.8
124.6,-22.9,129.1
124.85,-22.9,126.0
125.1,-22.9,123.7
125.35,-22.9,122.7
125.6,-22.9,114.8
125.85,-22.9,107.6
126.1,-22.9,102.2
126.35,-22.9,98.9
126.6,-22.9,94.3
126.85,-22.9,89.1
127.1,-22.9,85.5
127.35,-22.9,82.0
127.6,-22.9,78.2
127.85,-22.9,73.4
128.1,-22.9,68.5
128.35,-22.9,66.4
128.6,-22.9,64.3
128.85,-22.9,62.3
129.1,-22.9,60.1
129.35,-22.9,57.4
129.6,-22.9,54.0
129.85,-22.9,50.0
130.1,-22.9,46.3
130.35,-22.9,44.1
130.6,-22.9,44.3
130.85,-22.9,47.5
131.1,-22.9,54.1
131.35,-22.9,58.3
131.6,-22.9,59.1
131.85,-22.9,59.4
132.1,-22.9,59.3
132.35,-22.9,60.2
132.6,-22.9,60.4
132.85,-22.9,57.9
133.1,-22.9,52.8
133.35,-22.9,45.8
133.6,-22.9,37.0
133.85,-22.9,31.8
134.1,-22.9,38.0
134.35,-22.9,49.3
134.6,-22.9,55.8
134.85,-22.9,59.2
135.1,-22.9,58.3
135.35,-22.9,58.5
135.6,-22.9,64.0
135.85,-22.9,73.2
136.1,-22.9,83.1
136.35,-22.9,84.2
136.6,-22.9,80.7
136.85,-22.9,77.8
137.1,-22.9,77.4
137.35,-22.9,77.6
137.6,-22.9,74.1
137.85,-22.9,68.9
138.1,-22.9,64.5
138.35,-22.9,60.7
138.6,-22.9,57.3
138.85,-22.9,55.3
139.1,-22.9,58.3
139.35,-22.9,61.4
139.6,-22.9,63.5
139.85,-22.9,64.0
140.1,-22.9,64.2
140.35,-22.9,66.6
140.6,-22.9,71.4
140.85,-22.9,69.1
141.1,-22.9,69.0
141.35,-22.9,71.8
141.6,-22.9,74.6
141.85,-22.9,76.7
142.1,-22.9,75.3
142.35,-22.9,86.5
142.6,-22.9,88.1
142.85,-22.9,88.9
143.1,-22.9,74.2
143.35,-22.9,63.9
143.6,-22.9,68.2
143.85,-22.9,61.8
144.1,-22.9,55.6
144.35,-22.9,50.3
144.6,-22.9,49.4
144.85,-22.9,53.0
145.1,-22.9,53.4
145.35,-22.9,51.8
145.6,-22.9,50.3
145.85,-22.9,52.9
146.1,-22.9,56.7
146.35,-22.9,63.0
146.6,-22.9,71.1
146.85,-22.9,64.6
147.1,-22.9,62.4
147.35,-22.9,66.1
147.6,-22.9,64.7
147.85,-22.9,69.7
148.1,-22.9,73.7
148.35,-22.9,72.4
148.6,-22.9,68.1
148.85,-22.9,70.3
149.1,-22.9,80.8
149.35,-22.9,86.2
149.6,-22.9,78.3
149.85,-22.9,68.4
150.1,-22.9,69.3
150.35,-22.9,71.0
150.6,-22.9,72.3
150.85,-22.9,77.2
113.6,-22.65,54.7
113.85,-22.65,57.1
114.1,-22.65,57.3
114.35,-22.65,53.9
114.6,-22.65,63.6
114.85,-22.65,75.2
115.1,-22.65,77.6
115.35,-22.65,79.3
115.6,-22.65,74.0
115.85,-22.65,72.2
116.1,-22.65,75.3
116.35,-22.65,79.8
116.6,-22.65,79.6
116.85,-22.65,80.4
117.1,-22.65,79.8
117.35,-22.65,79.5
117.6,-22.65,81.2
117.85,-22.65,83.5
118.1,-22.65,85.2
118.35,-22.65,86.4
118.6,-22.65,88.7
118.85,-22.65,92.5
119.1,-22.65,96.3
119.35,-22.65,100.7
119.6,-22.65,99.9
119.85,-22.65,96.9
120.1,-22.65,98.0
120.35,-22.65,103.7
120.6,-22.65,107.7
120.85,-22.65,110.1
121.1,-22.65,114.3
121.35,-22.65,117.6
121.6,-22.65,120.5
121.85,-22.65,126.8
122.1,-22.65,129.9
122.35,-22.65,135.0
122.6,-22.65,137.9
122.85,-22.65,141.7
123.1,-22.65,143.4
123.35,-22.65,145.6
123.6,-22.65,145.8
123.85,-22.65,143.4
124.1,-22.65,135.5
124.35,-22.65,132.9
124.6,-22.65,130.7
124.85,-22.65,124.3
125.1,-22.65,120.4
125.35,-22.65,118.8
125.6,-22.65,114.0
125.85,-22.65,108.9
126.1,-22.65,105.0
126.35,-22.65,100.9
126.6,-22.65,94.4
126.85,-22.65,89.2
127.1,-22.65,84.1
127.35,-22.65,80.6
127.6,-22.65,77.1
127.85,-22.65,71.1
128.1,-22.65,67.2
128.35,-22.65,64.5
128.6,-22.65,61.7
128.85,-22.65,59.2
129.1,-22.65,56.1
129.35,-22.65,52.7
129.6,-22.65,49.0
129.85,-22.65,44.9
130.1,-22.65,41.2
130.35,-22.65,38.3
130.6,-22.65,37.1
130.85,-22.65,39.3
131.1,-22.65,47.3
131.35,-22.65,53.3
131.6,-22.65,56.6
131.85,-22.65,58.4
132.1,-22.65,57.2
132.35,-22.65,56.3
132.6,-22.65,55.3
132.85,-22.65,55.2
133.1,-22.65,54.7
133.35,-22.65,52.4
133.6,-22.65,47.5
133.85,-22.65,45.4
134.1,-22.65,48.7
134.35,-22.65,54.6
134.6,-22.65,58.6
134.85,-22.65,60.0
135.1,-22.65,60.4
135.35,-22.65,61.7
135.6,-22.65,67.0
135.85,-22.65,75.9
136.1,-22.65,84.8
136.35,-22.65,86.9
136.6,-22.65,83.7
136.85,-22.65,77.6
137.1,-22.65,77.3
137.35,-22.65,76.6
137.6,-22.65,72.0
137.85,-22.65,68.3
138.1,-22.65,64.4
138.35,-22.65,60.6
138.6,-22.65,57.5
138.85,-22.65,56.6
139.1,-22.65,59.3
139.35,-22.65,64.8
139.6,-22.65,71.5
139.85,-22.65,72.8
140.1,-22.65,73.1
140.35,-22.65,76.6
140.6,-22.65,80.4
140.85,-22.65,79.0
141.1,-22.65,81.7
141.35,-22.65,84.9
141.6,-22.65,85.9
141.85,-22.65,86.1
142.1,-22.65,80.7
142.35,-22.65,77.9
142.6,-22.65,82.3
142.85,-22.65,90.5
143.1,-22.65,76.0
143.35,-22.65,60.9
143.6,-22.65,60.0
143.85,-22.65,60.3
144.1,-22.65,56.0
144.35,-22.65,52.4
144.6,-22.65,51.3
144.85,-22.65,52.1
145.1,-22.65,54.0
145.35,-22.65,55.3
145.6,-22.65,55.2
145.85,-22.65,56.5
146.1,-22.65,57.6
146.35,-22.65,57.4
146.6,-22.65,57.2
146.85,-22.65,61.0
147.1,-22.65,64.4
147.35,-22.65,69.2
147.6,-22.65,73.0
147.85,-22.65,74.9
148.1,-22.65,74.8
148.35,-22.65,74.5
148.6,-22.65,72.5
148.85,-22.65,72.0
149.1,-22.65,76.0
149.35,-22.65,83.3
149.6,-22.65,79.2
149.85,-22.65,74.8
150.1,-22.65,73.5
150.35,-22.65,75.3
150.6,-22.65,80.3
150.85,-22.65,82.8
113.6,-22.4,54.0
113.85,-22.4,54.4
114.1,-22.4,55.4
114.35,-22.4,55.4
114.6,-22.4,64.0
114.85,-22.4,75.3
115.1,-22.4,71.8
115.35,-22.4,68.5
115.6,-22.4,67.9
115.85,-22.4,71.5
116.1,-22.4,75.8
116.35,-22.4,77.4
116.6,-22.4,76.7
116.85,-22.4,77.7
117.1,-22.4,78.3
117.35,-22.4,77.6
117.6,-22.4,78.5
117.85,-22.4,80.4
118.1,-22.4,80.9
118.35,-22.4,84.7
118.6,-22.4,90.8
118.85,-22.4,96.9
119.1,-22.4,103.9
119.35,-22.4,109.2
119.6,-22.4,112.1
119.85,-22.4,114.2
120.1,-22.4,118.0
120.35,-22.4,119.9
120.6,-22.4,118.8
120.85,-22.4,117.8
121.1,-22.4,120.1
121.35,-22.4,122.1
121.6,-22.4,124.7
121.85,-22.4,129.7
122.1,-22.4,133.6
122.35,-22.4,138.7
122.6,-22.4,143.7
122.85,-22.4,146.9
123.1,-22.4,149.2
123.35,-22.4,146.4
123.6,-22.4,145.4
123.85,-22.4,141.8
124.1,-22.4,137.1
124.35,-22.4,133.8
124.6,-22.4,129.5
124.85,-22.4,123.5
125.1,-22.4,119.8
125.35,-22.4,116.3
125.6,-22.4,112.2
125.85,-22.4,107.9
126.1,-22.4,103.1
126.35,-22.4,98.7
126.6,-22.4,93.5
126.85,-22.4,87.4
127.1,-22.4,83.1
127.35,-22.4,79.5
127.6,-22.4,75.0
127.85,-22.4,70.5
128.1,-22.4,65.1
128.35,-22.4,62.4
128.6,-22.4,59.6
128.85,-22.4,56.0
129.1,-22.4,52.8
129.35,-22.4,49.6
129.6,-22.4,45.3
129.85,-22.4,41.5
130.1,-22.4,37.7
130.35,-22.4,34.4
130.6,-22.4,31.4
130.85,-22.4,31.3
131.1,-22.4,38.0
131.35,-22.4,46.7
131.6,-22.4,54.0
131.85,-22.4,58.6
132.1,-22.4,58.1
132.35,-22.4,56.7
132.6,-22.4,54.8
132.85,-22.4,54.7
133.1,-22.4,56.5
133.35,-22.4,57.0
133.6,-22.4,57.1
133.85,-22.4,58.0
134.1,-22.4,61.8
134.35,-22.4,62.5
134.6,-22.4,60.8
134.85,-22.4,58.6
135.1,-22.4,59.8
135.35,-22.4,61.9
135.6,-22.4,66.5
135.85,-22.4,75.4
136.1,-22.4,85.1
136.35,-22.4,88.0
136.6,-22.4,83.6
136.85,-22.4,78.8
137.1,-22.4,76.3
137.35,-22.4,73.5
137.6,-22.4,70.3
137.85,-22.4,67.1
138.1,-22.4,63.8
138.35,-22.4,60.5
138.6,-22.4,57.2
138.85,-22.4,57.1
139.1,-22.4,60.1
139.35,-22.4,65.9
139.6,-22.4,74.7
139.85,-22.4,78.8
140.1,-22.4,83.9
140.35,-22.4,89.3
140.6,-22.4,93.9
140.85,-22.4,96.2
141.1,-22.4,99.5
141.35,-22.4,100.7
141.6,-22.4,96.8
141.85,-22.4,103.3
142.1,-22.4,99.3
142.35,-22.4,99.9
142.6,-22.4,97.5
142.85,-22.4,90.1
143.1,-22.4,77.8
143.35,-22.4,66.6
143.6,-22.4,62.9
143.85,-22.4,62.0
144.1,-22.4,62.2
144.35,-22.4,62.2
144.6,-22.4,63.3
144.85,-22.4,57.2
145.1,-22.4,59.1
145.35,-22.4,60.8
145.6,-22.4,60.7
145.85,-22.4,61.5
146.1,-22.4,61.1
146.35,-22.4,57.3
146.6,-22.4,55.8
146.85,-22.4,60.8
147.1,-22.4,67.2
147.35,-22.4,65.0
147.6,-22.4,65.1
147.85,-22.4,67.8
148.1,-22.4,72.5
148.35,-22.4,75.9
148.6,-22.4,81.2
148.85,-22.4,82.8
149.1,-22.4,84.8
149.35,-22.4,91.8
149.6,-22.4,83.1
149.85,-22.4,80.8
150.1,-22.4,79.2
150.35,-22.4,78.8
150.6,-22.4,84.6
150.85,-22.4,86.1
113.85,-22.15,52.6
114.1,-22.15,52.3
114.6,-22.15,55.3
114.85,-22.15,57.7
115.1,-22.15,56.6
115.35,-22.15,57.7
115.6,-22.15,60.1
115.85,-22.15,67.8
116.1,-22.15,75.3
116.35,-22.15,76.1
116.6,-22.15,77.4
116.85,-22.15,78.2
117.1,-22.15,78.0
117.35,-22.15,76.9
117.6,-22.15,77.8
117.85,-22.15,78.4
118.1,-22.15,81.0
118.35,-22.15,84.0
118.6,-22.15,88.8
118.85,-22.15,98.4
119.1,-22.15,106.4
119.35,-22.15,111.7
119.6,-22.15,116.4
119.85,-22.15,124.0
120.1,-22.15,125.8
120.35,-22.15,125.9
120.6,-22.15,124.8
120.85,-22.15,124.2
121.1,-22.15,126.2
121.35,-22.15,126.7
121.6,-22.15,130.8
121.85,-22.15,132.4
122.1,-22.15,138.7
122.35,-22.15,144.1
122.6,-22.15,147.8
122.85,-22.15,149.9
123.1,-22.15,151.1
123.35,-22.15,150.2
123.6,-22.15,144.9
123.85,-22.15,141.8
124.1,-22.15,135.6
124.35,-22.15,131.5
124.6,-22.15,125.5
124.85,-22.15,122.0
125.1,-22.15,116.8
125.35,-22.15,115.5
125.6,-22.15,111.8
125.85,-22.15,106.7
126.1,-22.15,100.7
126.35,-22.15,96.3
126.6,-22.15,92.4
126.85,-22.15,88.5
127.1,-22.15,82.9
127.35,-22.15,76.4
127.6,-22.15,73.5
127.85,-22.15,69.4
128.1,-22.15,64.7
128.35,-22.15,60.8
128.6,-22.15,57.9
128.85,-22.15,54.5
129.1,-22.15,50.7
129.35,-22.15,47.3
129.6,-22.15,43.7
129.85,-22.15,40.1
130.1,-22.15,36.5
130.35,-22.15,33.5
130.6,-22.15,31.3
130.85,-22.15,30.9
131.1,-22.15,35.8
131.35,-22.15,44.0
131.6,-22.15,52.2
131.85,-22.15,58.0
132.1,-22.15,58.4
132.35,-22.15,57.2
132.6,-22.15,55.3
132.85,-22.15,55.9
133.1,-22.15,55.4
133.35,-22.15,55.8
133.6,-22.15,59.1
133.85,-22.15,63.2
134.1,-22.15,66.4
134.35,-22.15,64.2
134.6,-22.15,60.0
134.85,-22.15,57.0
135.1,-22.15,56.4
135.35,-22.15,58.7
135.6,-22.15,64.3
135.85,-22.15,73.5
136.1,-22.15,81.7
136.35,-22.15,83.2
136.6,-22.15,80.2
136.85,-22.15,76.7
137.1,-22.15,73.5
137.35,-22.15,70.5
137.6,-22.15,68.0
137.85,-22.15,66.3
138.1,-22.15,64.4
138.35,-22.15,60.9
138.6,-22.15,58.1
138.85,-22.15,57.8
139.1,-22.15,58.6
139.35,-22.15,60.4
139.6,-22.15,64.1
139.85,-22.15,75.3
140.1,-22.15,91.5
140.35,-22.15,99.2
140.6,-22.15,107.0
140.85,-22.15,111.7
141.1,-22.15,115.2
141.35,-22.15,113.1
141.6,-22.15,111.6
141.85,-22.15,117.6
142.1,-22.15,114.7
142.35,-22.15,112.3
142.6,-22.15,108.6
142.85,-22.15,100.2
143.1,-22.15,83.8
143.35,-22.15,74.7
143.6,-22.15,68.6
143.85,-22.15,66.1
144.1,-22.15,66.2
144.35,-22.15,64.8
144.6,-22.15,68.1
144.85,-22.15,62.7
145.1,-22.15,64.5
145.35,-22.15,68.4
145.6,-22.15,66.8
145.85,-22.15,65.9
146.1,-22.15,63.6
146.35,-22.15,57.5
146.6,-22.15,54.0
146.85,-22.15,54.9
147.1,-22.15,60.0
147.35,-22.15,58.8
147.6,-22.15,56.6
147.85,-22.15,62.8
148.1,-22.15,72.3
148.35,-22.15,73.5
148.6,-22.15,78.1
148.85,-22.15,87.5
149.1,-22.15,101.5
149.35,-22.15,92.2
149.6,-22.15,82.2
149.85,-22.15,83.9
150.1,-22.15,84.1
150.35,-22.15,85.4
150.6,-22.15,85.9
113.85,-21.9,51.5
114.1,-21.9,50.0
114.6,-21.9,47.5
114.85,-21.9,46.8
115.1,-21.9,49.1
115.35,-21.9,52.8
115.6,-21.9,54.5
115.85,-21.9,62.4
116.1,-21.9,74.0
116.35,-21.9,81.2
116.6,-21.9,83.1
116.85,-21.9,80.6
117.1,-21.9,78.6
117.35,-21.9,78.2
117.6,-21.9,80.5
117.85,-21.9,78.1
118.1,-21.9,78.6
118.35,-21.9,82.3
118.6,-21.9,89.4
118.85,-21.9,100.5
119.1,-21.9,108.9
119.35,-21.9,115.2
119.6,-21.9,118.9
119.85,-21.9,124.1
120.1,-21.9,121.5
120.35,-21.9,124.5
120.6,-21.9,125.7
120.85,-21.9,127.4
121.1,-21.9,129.2
121.35,-21.9,129.7
121.6,-21.9,133.0
121.85,-21.9,136.4
122.1,-21.9,139.3
122.35,-21.9,145.7
122.6,-21.9,149.3
122.85,-21.9,149.8
123.1,-21.9,152.2
123.35,-21.9,148.7
123.6,-21.9,144.4
123.85,-21.9,142.0
124.1,-21.9,136.2
124.35,-21.9,132.7
124.6,-21.9,126.1
124.85,-21.9,120.0
125.1,-21.9,115.3
125.35,-21.9,113.1
125.6,-21.9,109.3
125.85,-21.9,104.6
126.1,-21.9,100.0
126.35,-21.9,95.9
126.6,-21.9,90.4
126.85,-21.9,86.3
127.1,-21.9,81.2
127.35,-21.9,76.0
127.6,-21.9,71.8
127.85,-21.9,67.1
128.1,-21.9,63.8
128.35,-21.9,60.6
128.6,-21.9,56.7
128.85,-21.9,53.3
129.1,-21.9,50.3
129.35,-21.9,46.7
129.6,-21.9,43.5
129.85,-21.9,40.3
130.1,-21.9,37.7
130.35,-21.9,35.4
130.6,-21.9,34.0
130.85,-21.9,34.6
131.1,-21.9,38.1
131.35,-21.9,44.1
131.6,-21.9,50.4
131.85,-21.9,54.9
132.1,-21.9,57.1
132.35,-21.9,56.8
132.6,-21.9,56.0
132.85,-21.9,55.3
133.1,-21.9,53.3
133.35,-21.9,54.7
133.6,-21.9,58.1
133.85,-21.9,61.3
134.1,-21.9,63.3
134.35,-21.9,61.3
134.6,-21.9,57.9
134.85,-21.9,53.4
135.1,-21.9,50.7
135.35,-21.9,52.6
135.6,-21.9,59.7
135.85,-21.9,68.8
136.1,-21.9,75.0
136.35,-21.9,76.7
136.6,-21.9,74.1
136.85,-21.9,71.5
137.1,-21.9,69.5
137.35,-21.9,67.3
137.6,-21.9,65.3
137.85,-21.9,64.8
138.1,-21.9,62.8
138.35,-21.9,61.0
138.6,-21.9,61.2
138.85,-21.9,59.9
139.1,-21.9,57.1
139.35,-21.9,54.6
139.6,-21.9,55.0
139.85,-21.9,70.3
140.1,-21.9,89.7
140.35,-21.9,100.8
140.6,-21.9,116.6
140.85,-21.9,130.0
141.1,-21.9,127.2
141.35,-21.9,120.5
141.6,-21.9,116.7
141.85,-21.9,116.1
142.1,-21.9,112.6
142.35,-21.9,115.8
142.6,-21.9,119.0
142.85,-21.9,112.4
143.1,-21.9,96.5
143.35,-21.9,83.2
143.6,-21.9,77.7
143.85,-21.9,71.7
144.1,-21.9,62.8
144.35,-21.9,54.6
144.6,-21.9,50.5
144.85,-21.9,54.7
145.1,-21.9,66.7
145.35,-21.9,73.4
145.6,-21.9,69.1
145.85,-21.9,65.8
146.1,-21.9,64.2
146.35,-21.9,58.7
146.6,-21.9,54.2
146.85,-21.9,49.0
147.1,-21.9,49.4
147.35,-21.9,52.5
147.6,-21.9,55.6
147.85,-21.9,64.2
148.1,-21.9,73.6
148.35,-21.9,76.7
148.6,-21.9,75.8
148.85,-21.9,83.7
149.1,-21.9,105.4
149.35,-21.9,93.9
149.6,-21.9,81.7
150.1,-21.9,90.0
150.35,-21.9,93.9
114.85,-21.65,45.9
115.1,-21.65,54.4
115.35,-21.65,52.3
115.6,-21.65,50.1
115.85,-21.65,55.4
116.1,-21.65,72.2
116.35,-21.65,87.3
116.6,-21.65,86.4
116.85,-21.65,82.5
117.1,-21.65,80.3
117.35,-21.65,79.5
117.6,-21.65,80.8
117.85,-21.65,80.0
118.1,-21.65,82.4
118.35,-21.65,89.7
118.6,-21.65,96.3
118.85,-21.65,99.8
119.1,-21.65,107.0
119.35,-21.65,116.8
119.6,-21.65,124.1
119.85,-21.65,129.8
120.1,-21.65,126.2
120.35,-21.65,128.7
120.6,-21.65,128.1
120.85,-21.65,128.2
121.1,-21.65,130.8
121.35,-21.65,130.4
121.6,-21.65,134.1
121.85,-21.65,137.4
122.1,-21.65,140.6
122.35,-21.65,144.8
122.6,-21.65,145.5
122.85,-21.65,143.6
123.1,-21.65,139.5
123.35,-21.65,137.4
123.6,-21.65,137.2
123.85,-21.65,142.1
124.1,-21.65,139.1
124.35,-21.65,133.5
124.6,-21.65,126.6
124.85,-21.65,120.3
125.1,-21.65,115.5
125.35,-21.65,111.7
125.6,-21.65,108.7
125.85,-21.65,101.9
126.1,-21.65,98.1
126.35,-21.65,94.2
126.6,-21.65,88.3
126.85,-21.65,82.6
127.1,-21.65,78.6
127.35,-21.65,75.8
127.6,-21.65,71.6
127.85,-21.65,67.0
128.1,-21.65,63.2
128.35,-21.65,60.0
128.6,-21.65,56.8
128.85,-21.65,52.7
129.1,-21.65,49.7
129.35,-21.65,47.2
129.6,-21.65,44.8
129.85,-21.65,42.2
130.1,-21.65,40.4
130.35,-21.65,39.0
130.6,-21.65,38.7
130.85,-21.65,39.4
131.1,-21.65,42.0
131.35,-21.65,46.1
131.6,-21.65,51.3
131.85,-21.65,54.3
132.1,-21.65,56.2
132.35,-21.65,57.1
132.6,-21.65,56.7
132.85,-21.65,55.9
133.1,-21.65,55.1
133.35,-21.65,55.3
133.6,-21.65,57.0
133.85,-21.65,57.7
134.1,-21.65,60.7
134.35,-21.65,59.6
134.6,-21.65,56.5
134.85,-21.65,51.2
135.1,-21.65,46.3
135.35,-21.65,46.5
135.6,-21.65,53.6
135.85,-21.65,62.4
136.1,-21.65,69.0
136.35,-21.65,71.5
136.6,-21.65,68.1
136.85,-21.65,66.9
137.1,-21.65,66.0
137.35,-21.65,63.9
137.6,-21.65,61.8
137.85,-21.65,60.1
138.1,-21.65,57.9
138.35,-21.65,58.8
138.6,-21.65,63.1
138.85,-21.65,61.7
139.1,-21.65,56.7
139.35,-21.65,51.7
139.6,-21.65,47.1
139.85,-21.65,47.5
140.1,-21.65,66.5
140.35,-21.65,94.0
140.6,-21.65,114.7
140.85,-21.65,126.8
141.1,-21.65,127.2
141.35,-21.65,119.3
141.6,-21.65,114.3
141.85,-21.65,108.8
142.1,-21.65,112.2
142.35,-21.65,120.0
142.6,-21.65,123.9
142.85,-21.65,116.3
143.1,-21.65,102.3
143.35,-21.65,90.6
143.6,-21.65,84.8
143.85,-21.65,75.4
144.1,-21.65,64.6
144.35,-21.65,50.1
144.6,-21.65,36.3
144.85,-21.65,47.4
145.1,-21.65,69.1
145.35,-21.65,75.0
145.6,-21.65,69.5
145.85,-21.65,63.6
146.1,-21.65,62.2
146.35,-21.65,58.3
146.6,-21.65,53.6
146.85,-21.65,49.4
147.1,-21.65,48.2
147.35,-21.65,50.6
147.6,-21.65,57.3
147.85,-21.65,70.5
148.1,-21.65,83.0
148.35,-21.65,91.3
148.6,-21.65,86.7
148.85,-21.65,88.8
149.1,-21.65,102.2
149.35,-21.65,104.7
149.6,-21.65,97.9
150.35,-21.65,96.8
115.35,-21.4,50.0
115.6,-21.4,46.6
115.85,-21.4,55.3
116.1,-21.4,73.4
116.35,-21.4,77.9
116.6,-21.4,81.1
116.85,-21.4,81.6
117.1,-21.4,82.0
117.35,-21.4,84.3
117.6,-21.4,87.7
117.85,-21.4,92.7
118.1,-21.4,94.7
118.35,-21.4,101.9
118.6,-21.4,105.5
118.85,-21.4,106.0
119.1,-21.4,111.2
119.35,-21.4,122.5
119.6,-21.4,127.4
119.85,-21.4,132.5
120.1,-21.4,129.8
120.35,-21.4,132.8
120.6,-21.4,131.9
120.85,-21.4,129.9
121.1,-21.4,130.3
121.35,-21.4,129.4
121.6,-21.4,134.0
121.85,-21.4,137.2
122.1,-21.4,140.9
122.35,-21.4,142.5
122.6,-21.4,143.9
122.85,-21.4,141.6
123.1,-21.4,140.5
123.35,-21.4,136.2
123.6,-21.4,135.8
123.85,-21.4,137.2
124.1,-21.4,136.6
124.35,-21.4,128.4
124.6,-21.4,122.8
124.85,-21.4,119.0
125.1,-21.4,115.1
125.35,-21.4,111.5
125.6,-21.4,106.5
125.85,-21.4,101.4
126.1,-21.4,97.3
126.35,-21.4,92.1
126.6,-21.4,85.4
126.85,-21.4,81.2
127.1,-21.4,77.6
127.35,-21.4,72.9
127.6,-21.4,70.7
127.85,-21.4,66.5
128.1,-21.4,62.9
128.35,-21.4,59.7
128.6,-21.4,57.3
128.85,-21.4,54.0
129.1,-21.4,51.5
129.35,-21.4,49.1
129.6,-21.4,46.5
129.85,-21.4,45.1
130.1,-21.4,44.4
130.35,-21.4,44.5
130.6,-21.4,44.9
130.85,-21.4,45.4
131.1,-21.4,47.1
131.35,-21.4,50.1
131.6,-21.4,53.9
131.85,-21.4,56.0
132.1,-21.4,57.2
132.35,-21.4,58.1
132.6,-21.4,57.9
132.85,-21.4,58.6
133.1,-21.4,58.8
133.35,-21.4,58.5
133.6,-21.4,57.9
133.85,-21.4,58.8
134.1,-21.4,61.3
134.35,-21.4,61.0
134.6,-21.4,58.1
134.85,-21.4,52.1
135.1,-21.4,47.1
135.35,-21.4,45.8
135.6,-21.4,50.8
135.85,-21.4,57.7
136.1,-21.4,64.4
136.35,-21.4,67.9
136.6,-21.4,67.7
136.85,-21.4,65.8
137.1,-21.4,63.7
137.35,-21.4,60.5
137.6,-21.4,57.8
137.85,-21.4,55.7
138.1,-21.4,55.2
138.35,-21.4,57.5
138.6,-21.4,61.6
138.85,-21.4,64.1
139.1,-21.4,62.8
139.35,-21.4,57.0
139.6,-21.4,49.9
139.85,-21.4,50.7
140.1,-21.4,66.2
140.35,-21.4,91.4
140.6,-21.4,108.6
140.85,-21.4,115.9
141.1,-21.4,116.6
141.35,-21.4,115.1
141.6,-21.4,113.5
141.85,-21.4,107.8
142.1,-21.4,110.2
142.35,-21.4,118.5
142.6,-21.4,124.9
142.85,-21.4,115.8
143.1,-21.4,106.9
143.35,-21.4,99.8
143.6,-21.4,91.3
143.85,-21.4,80.3
144.1,-21.4,69.7
144.35,-21.4,49.7
144.6,-21.4,37.3
144.85,-21.4,57.4
145.1,-21.4,67.4
145.35,-21.4,72.1
145.6,-21.4,70.2
145.85,-21.4,66.5
146.1,-21.4,63.1
146.35,-21.4,60.1
146.6,-21.4,56.9
146.85,-21.4,52.0
147.1,-21.4,51.1
147.35,-21.4,52.6
147.6,-21.4,62.5
147.85,-21.4,80.6
148.1,-21.4,102.0
148.35,-21.4,116.3
148.6,-21.4,107.2
148.85,-21.4,95.4
149.1,-21.4,95.5
149.35,-21.4,100.0
115.85,-21.15,55.6
116.1,-21.15,60.1
116.35,-21.15,62.0
116.6,-21.15,73.7
116.85,-21.15,82.7
117.1,-21.15,87.2
117.35,-21.15,90.0
117.6,-21.15,98.6
117.85,-21.15,108.6
118.1,-21.15,111.5
118.35,-21.15,114.6
118.6,-21.15,115.7
118.85,-21.15,115.5
119.1,-21.15,117.3
119.35,-21.15,123.6
119.6,-21.15,125.6
119.85,-21.15,127.7
120.1,-21.15,124.9
120.35,-21.15,124.0
120.6,-21.15,126.6
120.85,-21.15,127.0
121.1,-21.15,126.8
121.35,-21.15,129.1
121.6,-21.15,132.1
121.85,-21.15,136.6
122.1,-21.15,138.5
122.35,-21.15,140.7
122.6,-21.15,141.1
122.85,-21.15,140.1
123.1,-21.15,138.8
123.35,-21.15,136.8
123.6,-21.15,136.1
123.85,-21.15,134.1
124.1,-21.15,130.0
124.35,-21.15,121.8
124.6,-21.15,118.4
124.85,-21.15,114.2
125.1,-21.15,111.0
125.35,-21.15,109.7
125.6,-21.15,106.6
125.85,-21.15,104.9
126.1,-21.15,94.1
126.35,-21.15,86.1
126.6,-21.15,81.4
126.85,-21.15,77.7
127.1,-21.15,73.2
127.35,-21.15,71.6
127.6,-21.15,68.8
127.85,-21.15,65.7
128.1,-21.15,63.5
128.35,-21.15,60.7
128.6,-21.15,57.5
128.85,-21.15,55.1
129.1,-21.15,52.7
129.35,-21.15,50.7
129.6,-21.15,49.4
129.85,-21.15,49.2
130.1,-21.15,49.9
130.35,-21.15,51.6
130.6,-21.15,52.6
130.85,-21.15,53.0
131.1,-21.15,53.3
131.35,-21.15,54.4
131.6,-21.15,57.2
131.85,-21.15,59.0
132.1,-21.15,60.3
132.35,-21.15,60.7
132.6,-21.15,61.5
132.85,-21.15,61.6
133.1,-21.15,62.1
133.35,-21.15,61.5
133.6,-21.15,60.8
133.85,-21.15,63.2
134.1,-21.15,64.6
134.35,-21.15,64.6
134.6,-21.15,63.7
134.85,-21.15,57.7
135.1,-21.15,50.5
135.35,-21.15,47.2
135.6,-21.15,49.7
135.85,-21.15,55.6
136.1,-21.15,61.1
136.35,-21.15,64.6
136.6,-21.15,65.9
136.85,-21.15,64.4
137.1,-21.15,61.8
137.35,-21.15,58.5
137.6,-21.15,54.5
137.85,-21.15,51.6
138.1,-21.15,52.3
138.35,-21.15,55.8
138.6,-21.15,60.8
138.85,-21.15,65.7
139.1,-21.15,69.2
139.35,-21.15,67.3
139.6,-21.15,61.4
139.85,-21.15,62.2
140.1,-21.15,75.3
140.35,-21.15,92.3
140.6,-21.15,100.6
140.85,-21.15,105.1
141.1,-21.15,106.7
141.35,-21.15,111.2
141.6,-21.15,114.0
141.85,-21.15,108.5
142.1,-21.15,108.9
142.35,-21.15,113.2
142.6,-21.15,118.2
142.85,-21.15,116.2
143.1,-21.15,112.2
143.35,-21.15,106.6
143.6,-21.15,96.1
143.85,-21.15,82.1
144.1,-21.15,67.7
144.35,-21.15,55.6
144.6,-21.15,55.9
144.85,-21.15,64.7
145.1,-21.15,70.5
145.35,-21.15,71.0
145.6,-21.15,70.2
145.85,-21.15,66.6
146.1,-21.15,63.5
146.35,-21.15,63.4
146.6,-21.15,67.8
146.85,-21.15,59.0
147.1,-21.15,56.7
147.35,-21.15,58.7
147.6,-21.15,68.3
147.85,-21.15,87.1
148.1,-21.15,125.4
148.35,-21.15,131.5
148.6,-21.15,99.0
148.85,-21.15,106.7
149.1,-21.15,94.8
149.35,-21.15,93.1
115.35,-20.9,54.8
116.1,-20.9,54.3
116.35,-20.9,61.3
116.6,-20.9,74.7
116.85,-20.9,86.1
117.1,-20.9,98.6
117.35,-20.9,104.8
117.6,-20.9,118.1
117.85,-20.9,128.9
118.1,-20.9,127.5
118.35,-20.9,129.9
118.6,-20.9,126.3
118.85,-20.9,119.7
119.1,-20.9,120.7
119.35,-20.9,126.3
119.6,-20.9,123.7
119.85,-20.9,117.1
120.1,-20.9,110.3
120.35,-20.9,112.3
120.6,-20.9,120.0
120.85,-20.9,123.5
121.1,-20.9,124.6
121.35,-20.9,126.7
121.6,-20.9,129.9
121.85,-20.9,133.2
122.1,-20.9,136.5
122.35,-20.9,138.0
122.6,-20.9,139.7
122.85,-20.9,141.3
123.1,-20.9,138.9
123.35,-20.9,137.5
123.6,-20.9,136.0
123.85,-20.9,133.0
124.1,-20.9,127.3
124.35,-20.9,119.2
124.6,-20.9,115.9
124.85,-20.9,112.7
125.1,-20.9,108.7
125.35,-20.9,108.9
125.6,-20.9,106.7
125.85,-20.9,102.8
126.1,-20.9,93.1
126.35,-20.9,84.1
126.6,-20.9,80.0
126.85,-20.9,77.3
127.1,-20.9,73.8
127.35,-20.9,71.6
127.6,-20.9,68.9
127.85,-20.9,66.2
128.1,-20.9,63.6
128.35,-20.9,62.1
128.6,-20.9,59.3
128.85,-20.9,55.8
129.1,-20.9,53.7
129.35,-20.9,53.0
129.6,-20.9,52.5
129.85,-20.9,52.9
130.1,-20.9,56.4
130.35,-20.9,60.8
130.6,-20.9,62.2
130.85,-20.9,61.3
131.1,-20.9,60.2
131.35,-20.9,60.6
131.6,-20.9,60.8
131.85,-20.9,62.8
132.1,-20.9,63.0
132.35,-20.9,64.0
132.6,-20.9,64.5
132.85,-20.9,64.5
133.1,-20.9,65.1
133.35,-20.9,65.5
133.6,-20.9,64.9
133.85,-20.9,67.4
134.1,-20.9,68.1
134.35,-20.9,70.0
134.6,-20.9,70.8
134.85,-20.9,65.5
135.1,-20.9,56.2
135.35,-20.9,52.2
135.6,-20.9,52.5
135.85,-20.9,56.0
136.1,-20.9,59.9
136.35,-20.9,62.8
136.6,-20.9,64.2
136.85,-20.9,63.7
137.1,-20.9,61.2
137.35,-20.9,57.7
137.6,-20.9,54.1
137.85,-20.9,50.5
138.1,-20.9,50.9
138.35,-20.9,54.5
138.6,-20.9,60.8
138.85,-20.9,67.1
139.1,-20.9,74.0
139.35,-20.9,77.8
139.6,-20.9,78.5
139.85,-20.9,77.1
140.1,-20.9,81.5
140.35,-20.9,89.5
140.6,-20.9,93.4
140.85,-20.9,99.0
141.1,-20.9,102.9
141.35,-20.9,110.7
141.6,-20.9,111.9
141.85,-20.9,111.7
142.1,-20.9,107.2
142.35,-20.9,109.7
142.6,-20.9,112.4
142.85,-20.9,110.8
143.1,-20.9,111.6
143.35,-20.9,109.7
143.6,-20.9,96.4
143.85,-20.9,84.8
144.1,-20.9,69.5
144.35,-20.9,68.0
144.6,-20.9,74.7
144.85,-20.9,74.8
145.1,-20.9,73.3
145.35,-20.9,70.9
145.6,-20.9,68.8
145.85,-20.9,66.6
146.1,-20.9,63.6
146.35,-20.9,64.1
146.6,-20.9,71.7
146.85,-20.9,70.7
147.1,-20.9,64.6
147.35,-20.9,65.1
147.6,-20.9,73.6
147.85,-20.9,84.2
148.1,-20.9,110.8
148.35,-20.9,123.7
148.6,-20.9,109.1
148.85,-20.9,122.5
149.1,-20.9,115.2
149.6,-20.9,95.3
115.35,-20.65,53.0
115.6,-20.65,52.5
116.35,-20.65,67.6
116.6,-20.65,76.7
116.85,-20.65,89.9
117.1,-20.65,115.2
117.35,-20.65,125.8
117.6,-20.65,135.7
117.85,-20.65,143.7
118.1,-20.65,143.2
118.35,-20.65,141.7
118.6,-20.65,134.2
118.85,-20.65,123.6
119.1,-20.65,127.7
119.35,-20.65,130.0
119.6,-20.65,122.1
119.85,-20.65,106.2
120.1,-20.65,96.2
120.35,-20.65,106.6
120.6,-20.65,114.2
120.85,-20.65,119.3
121.1,-20.65,121.6
121.35,-20.65,125.2
121.6,-20.65,129.1
121.85,-20.65,132.0
122.1,-20.65,135.9
122.35,-20.65,137.7
122.6,-20.65,138.9
122.85,-20.65,137.9
123.1,-20.65,137.4
123.35,-20.65,135.6
123.6,-20.65,133.9
123.85,-20.65,131.4
124.1,-20.65,124.5
124.35,-20.65,118.2
124.6,-20.65,115.2
124.85,-20.65,112.3
125.1,-20.65,110.0
125.35,-20.65,107.6
125.6,-20.65,104.8
125.85,-20.65,102.2
126.1,-20.65,90.9
126.35,-20.65,86.9
126.6,-20.65,80.2
126.85,-20.65,77.4
127.1,-20.65,75.3
127.35,-20.65,73.7
127.6,-20.65,71.7
127.85,-20.65,69.5
128.1,-20.65,66.7
128.35,-20.65,64.7
128.6,-20.65,61.7
128.85,-20.65,58.5
129.1,-20.65,56.7
129.35,-20.65,56.1
129.6,-20.65,55.3
129.85,-20.65,56.8
130.1,-20.65,62.6
130.35,-20.65,72.4
130.6,-20.65,71.9
130.85,-20.65,69.0
131.1,-20.65,67.2
131.35,-20.65,65.5
131.6,-20.65,65.8
131.85,-20.65,66.2
132.1,-20.65,66.8
132.35,-20.65,66.9
132.6,-20.65,67.6
132.85,-20.65,68.0
133.1,-20.65,68.7
133.35,-20.65,69.3
133.6,-20.65,69.7
133.85,-20.65,71.6
134.1,-20.65,72.7
134.35,-20.65,75.4
134.6,-20.65,77.6
134.85,-20.65,72.5
135.1,-20.65,63.4
135.35,-20.65,57.9
135.6,-20.65,56.0
135.85,-20.65,57.1
136.1,-20.65,59.6
136.35,-20.65,62.0
136.6,-20.65,63.9
136.85,-20.65,64.2
137.1,-20.65,61.6
137.35,-20.65,58.3
137.6,-20.65,55.2
137.85,-20.65,53.9
138.1,-20.65,53.9
138.35,-20.65,55.0
138.6,-20.65,60.3
138.85,-20.65,69.3
139.1,-20.65,76.7
139.35,-20.65,84.8
139.6,-20.65,96.5
139.85,-20.65,93.1
140.1,-20.65,90.6
140.35,-20.65,94.0
140.6,-20.65,94.9
140.85,-20.65,101.0
141.1,-20.65,105.7
141.35,-20.65,106.1
141.6,-20.65,102.9
141.85,-20.65,107.4
142.1,-20.65,107.6
142.35,-20.65,105.8
142.6,-20.65,103.5
142.85,-20.65,100.0
143.1,-20.65,98.8
143.35,-20.65,101.9
143.6,-20.65,98.6
143.85,-20.65,90.3
144.1,-20.65,78.1
144.35,-20.65,77.5
144.6,-20.65,81.5
144.85,-20.65,82.7
145.1,-20.65,76.9
145.35,-20.65,71.0
145.6,-20.65,68.9
145.85,-20.65,69.4
146.1,-20.65,70.1
146.35,-20.65,76.6
146.6,-20.65,81.3
146.85,-20.65,82.6
147.1,-20.65,70.6
147.35,-20.65,74.6
147.6,-20.65,84.6
147.85,-20.65,86.1
148.1,-20.65,90.4
148.35,-20.65,105.7
148.6,-20.65,114.1
148.85,-20.65,113.4
149.1,-20.65,105.1
115.6,-20.4,55.1
116.6,-20.4,75.7
116.85,-20.4,94.4
117.85,-20.4,144.5
118.1,-20.4,143.7
118.35,-20.4,143.5
118.6,-20.4,134.4
118.85,-20.4,122.8
119.1,-20.4,119.6
119.35,-20.4,121.8
119.6,-20.4,119.3
119.85,-20.4,105.5
120.1,-20.4,96.3
120.35,-20.4,101.1
120.6,-20.4,107.8
120.85,-20.4,113.8
121.1,-20.4,119.3
121.35,-20.4,124.6
121.6,-20.4,129.2
121.85,-20.4,133.1
122.1,-20.4,134.7
122.35,-20.4,135.0
122.6,-20.4,135.5
122.85,-20.4,136.5
123.1,-20.4,135.5
123.35,-20.4,133.3
123.6,-20.4,131.6
123.85,-20.4,127.6
124.1,-20.4,125.5
124.35,-20.4,121.9
124.6,-20.4,118.6
124.85,-20.4,112.0
125.1,-20.4,107.6
125.35,-20.4,106.6
125.6,-20.4,103.7
125.85,-20.4,99.6
126.1,-20.4,92.6
126.35,-20.4,88.4
126.6,-20.4,85.3
126.85,-20.4,80.0
127.1,-20.4,77.9
127.35,-20.4,76.5
127.6,-20.4,74.1
127.85,-20.4,72.6
128.1,-20.4,71.7
128.35,-20.4,69.2
128.6,-20.4,66.4
128.85,-20.4,62.8
129.1,-20.4,61.7
129.35,-20.4,61.2
129.6,-20.4,61.2
129.85,-20.4,62.5
130.1,-20.4,68.4
130.35,-20.4,77.1
130.6,-20.4,77.5
130.85,-20.4,74.2
131.1,-20.4,72.1
131.35,-20.4,70.7
131.6,-20.4,70.3
131.85,-20.4,70.0
132.1,-20.4,71.2
132.35,-20.4,70.6
132.6,-20.4,70.8
132.85,-20.4,70.8
133.1,-20.4,71.6
133.35,-20.4,72.4
133.6,-20.4,73.2
133.85,-20.4,74.7
134.1,-20.4,76.8
134.35,-20.4,78.7
134.6,-20.4,79.2
134.85,-20.4,74.8
135.1,-20.4,68.4
135.35,-20.4,62.9
135.6,-20.4,59.8
135.85,-20.4,58.7
136.1,-20.4,60.3
136.35,-20.4,62.3
136.6,-20.4,64.5
136.85,-20.4,65.4
137.1,-20.4,63.6
137.35,-20.4,59.7
137.6,-20.4,57.0
137.85,-20.4,56.9
138.1,-20.4,58.0
138.35,-20.4,58.3
138.6,-20.4,64.6
138.85,-20.4,74.7
139.1,-20.4,81.5
139.35,-20.4,89.0
139.6,-20.4,103.6
139.85,-20.4,109.8
140.1,-20.4,106.0
140.35,-20.4,103.8
140.6,-20.4,104.8
140.85,-20.4,108.8
141.1,-20.4,114.6
141.35,-20.4,112.2
141.6,-20.4,99.2
141.85,-20.4,103.5
142.1,-20.4,103.0
142.35,-20.4,97.9
142.6,-20.4,91.2
142.85,-20.4,87.2
143.1,-20.4,85.0
143.35,-20.4,88.5
143.6,-20.4,93.6
143.85,-20.4,92.1
144.1,-20.4,89.5
144.35,-20.4,90.0
144.6,-20.4,92.6
144.85,-20.4,90.9
145.1,-20.4,83.3
145.35,-20.4,77.8
145.6,-20.4,75.4
145.85,-20.4,74.0
146.1,-20.4,76.5
146.35,-20.4,87.5
146.6,-20.4,92.4
146.85,-20.4,92.1
147.1,-20.4,89.8
147.35,-20.4,98.1
147.6,-20.4,98.7
147.85,-20.4,93.1
148.1,-20.4,78.8
148.35,-20.4,99.1
148.6,-20.4,98.9
148.85,-20.4,90.8
149.1,-20.4,94.0
118.85,-20.15,110.5
119.1,-20.15,99.4
119.35,-20.15,103.1
119.6,-20.15,107.4
119.85,-20.15,105.2
120.1,-20.15,103.5
120.35,-20.15,105.6
120.6,-20.15,110.0
120.85,-20.15,115.7
121.1,-20.15,121.0
121.35,-20.15,126.4
121.6,-20.15,129.2
121.85,-20.15,132.2
122.1,-20.15,131.9
122.35,-20.15,132.5
122.6,-20.15,132.5
122.85,-20.15,134.0
123.1,-20.15,131.6
123.35,-20.15,130.0
123.6,-20.15,127.4
123.85,-20.15,125.7
124.1,-20.15,125.1
124.35,-20.15,122.1
124.6,-20.15,118.6
124.85,-20.15,113.2
125.1,-20.15,105.7
125.35,-20.15,103.2
125.6,-20.15,100.4
125.85,-20.15,98.0
126.1,-20.15,95.3
126.35,-20.15,93.3
126.6,-20.15,89.2
126.85,-20.15,85.5
127.1,-20.15,79.4
127.35,-20.15,78.2
127.6,-20.15,76.2
127.85,-20.15,76.8
128.1,-20.15,77.1
128.35,-20.15,76.5
128.6,-20.15,72.9
128.85,-20.15,70.3
129.1,-20.15,69.2
129.35,-20.15,68.6
129.6,-20.15,69.8
129.85,-20.15,72.0
130.1,-20.15,76.1
130.35,-20.15,78.8
130.6,-20.15,79.2
130.85,-20.15,77.6
131.1,-20.15,75.4
131.35,-20.15,74.7
131.6,-20.15,73.5
131.85,-20.15,73.5
132.1,-20.15,74.5
132.35,-20.15,73.5
132.6,-20.15,72.8
132.85,-20.15,73.4
133.1,-20.15,73.3
133.35,-20.15,73.7
133.6,-20.15,75.2
133.85,-20.15,76.8
134.1,-20.15,79.4
134.35,-20.15,79.8
134.6,-20.15,76.7
134.85,-20.15,72.8
135.1,-20.15,68.3
135.35,-20.15,63.7
135.6,-20.15,60.4
135.85,-20.15,59.4
136.1,-20.15,59.8
136.35,-20.15,61.6
136.6,-20.15,64.5
136.85,-20.15,67.8
137.1,-20.15,66.6
137.35,-20.15,60.0
137.6,-20.15,58.0
137.85,-20.15,61.2
138.1,-20.15,65.2
138.35,-20.15,67.0
138.6,-20.15,72.9
138.85,-20.15,81.7
139.1,-20.15,87.1
139.35,-20.15,89.6
139.6,-20.15,107.0
139.85,-20.15,119.7
140.1,-20.15,114.2
140.35,-20.15,110.4
140.6,-20.15,109.2
140.85,-20.15,113.6
141.1,-20.15,116.7
141.35,-20.15,110.0
141.6,-20.15,100.5
141.85,-20.15,100.9
142.1,-20.15,95.4
142.35,-20.15,89.6
142.6,-20.15,83.4
142.85,-20.15,79.1
143.1,-20.15,78.2
143.35,-20.15,85.5
143.6,-20.15,92.0
143.85,-20.15,95.5
144.1,-20.15,97.1
144.35,-20.15,97.4
144.6,-20.15,99.0
144.85,-20.15,97.3
145.1,-20.15,89.3
145.35,-20.15,87.1
145.6,-20.15,86.3
145.85,-20.15,83.2
146.1,-20.15,85.9
146.35,-20.15,96.7
146.6,-20.15,108.8
146.85,-20.15,100.4
147.1,-20.15,91.4
147.35,-20.15,96.0
147.6,-20.15,104.8
147.85,-20.15,94.2
148.1,-20.15,98.8
148.35,-20.15,110.9
148.6,-20.15,102.9
148.85,-20.15,92.6
149.1,-20.15,91.0
119.1,-19.9,97.5
119.35,-19.9,98.2
119.6,-19.9,101.4
119.85,-19.9,103.4
120.1,-19.9,107.5
120.35,-19.9,110.2
120.6,-19.9,114.9
120.85,-19.9,119.6
121.1,-19.9,124.1
121.35,-19.9,128.3
121.6,-19.9,130.9
121.85,-19.9,131.2
122.1,-19.9,131.2
122.35,-19.9,131.1
122.6,-19.9,132.0
122.85,-19.9,132.6
123.1,-19.9,131.6
123.35,-19.9,129.8
123.6,-19.9,127.6
123.85,-19.9,126.1
124.1,-19.9,124.1
124.35,-19.9,121.6
124.6,-19.9,117.3
124.85,-19.9,111.8
125.1,-19.9,107.4
125.35,-19.9,104.0
125.6,-19.9,101.0
125.85,-19.9,99.2
126.1,-19.9,96.4
126.35,-19.9,94.8
126.6,-19.9,92.3
126.85,-19.9,86.3
127.1,-19.9,81.1
127.35,-19.9,77.6
127.6,-19.9,75.5
127.85,-19.9,78.0
128.1,-19.9,81.9
128.35,-19.9,82.6
128.6,-19.9,80.4
128.85,-19.9,78.1
129.1,-19.9,76.5
129.35,-19.9,76.8
129.6,-19.9,77.9
129.85,-19.9,79.9
130.1,-19.9,82.1
130.35,-19.9,82.7
130.6,-19.9,81.8
130.85,-19.9,79.8
131.1,-19.9,78.3
131.35,-19.9,77.6
131.6,-19.9,76.2
131.85,-19.9,76.0
132.1,-19.9,75.4
132.35,-19.9,74.7
132.6,-19.9,74.8
132.85,-19.9,74.0
133.1,-19.9,74.7
133.35,-19.9,75.2
133.6,-19.9,75.7
133.85,-19.9,77.3
134.1,-19.9,79.6
134.35,-19.9,79.9
134.6,-19.9,74.5
134.85,-19.9,69.9
135.1,-19.9,65.9
135.35,-19.9,62.3
135.6,-19.9,60.1
135.85,-19.9,58.6
136.1,-19.9,59.3
136.35,-19.9,60.5
136.6,-19.9,64.3
136.85,-19.9,67.6
137.1,-19.9,66.5
137.35,-19.9,60.9
137.6,-19.9,59.2
137.85,-19.9,63.8
138.1,-19.9,70.7
138.35,-19.9,70.6
138.6,-19.9,73.1
138.85,-19.9,81.1
139.1,-19.9,90.7
139.35,-19.9,93.2
139.6,-19.9,102.6
139.85,-19.9,114.8
140.1,-19.9,113.9
140.35,-19.9,111.4
140.6,-19.9,111.2
140.85,-19.9,114.4
141.1,-19.9,111.5
141.35,-19.9,103.4
141.6,-19.9,96.7
141.85,-19.9,93.9
142.1,-19.9,87.0
142.35,-19.9,81.2
142.6,-19.9,78.5
142.85,-19.9,77.6
143.1,-19.9,80.2
143.35,-19.9,86.4
143.6,-19.9,93.3
143.85,-19.9,99.5
144.1,-19.9,103.9
144.35,-19.9,104.3
144.6,-19.9,100.8
144.85,-19.9,95.6
145.1,-19.9,93.7
145.35,-19.9,94.3
145.6,-19.9,94.5
145.85,-19.9,96.8
146.1,-19.9,99.9
146.35,-19.9,115.5
146.6,-19.9,133.9
146.85,-19.9,110.5
147.1,-19.9,86.0
147.35,-19.9,93.0
147.6,-19.9,101.0
147.85,-19.9,96.2
148.1,-19.9,104.0
148.35,-19.9,107.8
148.6,-19.9,107.2
120.6,-19.65,120.8
120.85,-19.65,121.4
121.1,-19.65,125.7
121.35,-19.65,129.8
121.6,-19.65,130.5
121.85,-19.65,128.5
122.1,-19.65,128.7
122.35,-19.65,128.2
122.6,-19.65,129.4
122.85,-19.65,129.6
123.1,-19.65,128.6
123.35,-19.65,128.5
123.6,-19.65,127.4
123.85,-19.65,126.2
124.1,-19.65,123.7
124.35,-19.65,123.5
124.6,-19.65,116.2
124.85,-19.65,114.7
125.1,-19.65,111.5
125.35,-19.65,106.6
125.6,-19.65,102.8
125.85,-19.65,99.7
126.1,-19.65,97.9
126.35,-19.65,97.7
126.6,-19.65,94.9
126.85,-19.65,89.5
127.1,-19.65,82.3
127.35,-19.65,76.1
127.6,-19.65,72.2
127.85,-19.65,77.5
128.1,-19.65,85.2
128.35,-19.65,89.0
128.6,-19.65,87.0
128.85,-19.65,84.9
129.1,-19.65,83.9
129.35,-19.65,83.1
129.6,-19.65,85.2
129.85,-19.65,86.9
130.1,-19.65,87.3
130.35,-19.65,86.4
130.6,-19.65,84.0
130.85,-19.65,82.0
131.1,-19.65,80.4
131.35,-19.65,79.2
131.6,-19.65,77.7
131.85,-19.65,76.3
132.1,-19.65,75.8
132.35,-19.65,76.0
132.6,-19.65,76.1
132.85,-19.65,76.0
133.1,-19.65,75.3
133.35,-19.65,75.5
133.6,-19.65,75.7
133.85,-19.65,75.3
134.1,-19.65,75.3
134.35,-19.65,73.8
134.6,-19.65,69.8
134.85,-19.65,65.5
135.1,-19.65,62.5
135.35,-19.65,60.4
135.6,-19.65,58.8
135.85,-19.65,57.6
136.1,-19.65,58.9
136.35,-19.65,61.8
136.6,-19.65,64.9
136.85,-19.65,66.3
137.1,-19.65,65.1
137.35,-19.65,62.5
137.6,-19.65,61.2
137.85,-19.65,63.4
138.1,-19.65,66.2
138.35,-19.65,65.9
138.6,-19.65,66.9
138.85,-19.65,73.5
139.1,-19.65,82.1
139.35,-19.65,87.9
139.6,-19.65,96.4
139.85,-19.65,105.0
140.1,-19.65,108.8
140.35,-19.65,105.2
140.6,-19.65,103.0
140.85,-19.65,102.7
141.1,-19.65,102.7
141.35,-19.65,99.1
141.6,-19.65,95.8
141.85,-19.65,90.2
142.1,-19.65,82.1
142.35,-19.65,77.6
142.6,-19.65,77.4
142.85,-19.65,78.1
143.1,-19.65,81.0
143.35,-19.65,87.4
143.6,-19.65,94.7
143.85,-19.65,102.7
144.1,-19.65,109.5
144.35,-19.65,110.2
144.6,-19.65,105.1
144.85,-19.65,95.9
145.1,-19.65,97.5
145.35,-19.65,98.3
145.6,-19.65,98.8
145.85,-19.65,109.5
146.1,-19.65,124.7
146.35,-19.65,144.4
146.6,-19.65,146.1
146.85,-19.65,127.9
147.1,-19.65,99.4
147.35,-19.65,93.0
147.6,-19.65,99.1
147.85,-19.65,98.2
121.1,-19.4,128.9
121.35,-19.4,130.9
121.6,-19.4,129.3
121.85,-19.4,126.0
122.1,-19.4,125.5
122.35,-19.4,126.5
122.6,-19.4,128.0
122.85,-19.4,128.9
123.1,-19.4,128.2
123.35,-19.4,126.8
123.6,-19.4,126.0
123.85,-19.4,126.0
124.1,-19.4,124.9
124.35,-19.4,121.9
124.6,-19.4,116.7
124.85,-19.4,114.6
125.1,-19.4,113.8
125.35,-19.4,109.5
125.6,-19.4,103.7
125.85,-19.4,99.7
126.1,-19.4,99.3
126.35,-19.4,101.3
126.6,-19.4,99.4
126.85,-19.4,93.3
127.1,-19.4,85.0
127.35,-19.4,76.8
127.6,-19.4,70.3
127.85,-19.4,77.7
128.1,-19.4,91.5
128.35,-19.4,95.8
128.6,-19.4,93.4
128.85,-19.4,88.4
129.1,-19.4,86.9
129.35,-19.4,87.5
129.6,-19.4,89.5
129.85,-19.4,93.4
130.1,-19.4,92.6
130.35,-19.4,88.9
130.6,-19.4,85.5
130.85,-19.4,82.7
131.1,-19.4,80.7
131.35,-19.4,79.9
131.6,-19.4,78.6
131.85,-19.4,77.5
132.1,-19.4,77.0
132.35,-19.4,76.1
132.6,-19.4,77.1
132.85,-19.4,77.2
133.1,-19.4,78.1
133.35,-19.4,76.8
133.6,-19.4,75.1
133.85,-19.4,72.3
134.1,-19.4,70.8
134.35,-19.4,67.8
134.6,-19.4,64.5
134.85,-19.4,61.2
135.1,-19.4,59.5
135.35,-19.4,58.1
135.6,-19.4,57.7
135.85,-19.4,56.9
136.1,-19.4,57.8
136.35,-19.4,63.7
136.6,-19.4,68.6
136.85,-19.4,69.3
137.1,-19.4,66.8
137.35,-19.4,64.2
137.6,-19.4,62.7
137.85,-19.4,62.2
138.1,-19.4,63.4
138.35,-19.4,62.2
138.6,-19.4,64.5
138.85,-19.4,69.1
139.1,-19.4,75.4
139.35,-19.4,81.7
139.6,-19.4,88.8
139.85,-19.4,95.5
140.1,-19.4,99.8
140.35,-19.4,94.3
140.6,-19.4,91.5
140.85,-19.4,91.3
141.1,-19.4,97.0
141.35,-19.4,97.5
141.6,-19.4,96.0
141.85,-19.4,90.8
142.1,-19.4,84.0
142.35,-19.4,80.0
142.6,-19.4,78.9
142.85,-19.4,79.2
143.1,-19.4,81.4
143.35,-19.4,88.0
143.6,-19.4,96.2
143.85,-19.4,101.4
144.1,-19.4,110.7
144.35,-19.4,112.8
144.6,-19.4,109.0
144.85,-19.4,102.7
145.1,-19.4,100.0
145.35,-19.4,96.3
145.6,-19.4,104.6
145.85,-19.4,119.6
146.1,-19.4,130.7
146.35,-19.4,136.7
146.6,-19.4,148.0
146.85,-19.4,130.1
147.1,-19.4,108.3
147.35,-19.4,97.6
147.6,-19.4,101.2
121.35,-19.15,128.8
121.6,-19.15,122.8
121.85,-19.15,118.5
122.1,-19.15,119.8
122.35,-19.15,122.1
122.6,-19.15,126.4
122.85,-19.15,126.8
123.1,-19.15,126.9
123.35,-19.15,126.0
123.6,-19.15,125.8
123.85,-19.15,123.9
124.1,-19.15,121.5
124.35,-19.15,120.6
124.6,-19.15,118.2
124.85,-19.15,117.0
125.1,-19.15,117.0
125.35,-19.15,116.0
125.6,-19.15,107.5
125.85,-19.15,96.6
126.1,-19.15,101.4
126.35,-19.15,107.0
126.6,-19.15,105.6
126.85,-19.15,98.6
127.1,-19.15,90.5
127.35,-19.15,82.7
127.6,-19.15,78.5
127.85,-19.15,85.2
128.1,-19.15,99.7
128.35,-19.15,101.4
128.6,-19.15,95.3
128.85,-19.15,90.7
129.1,-19.15,89.1
129.35,-19.15,89.1
129.6,-19.15,91.0
129.85,-19.15,94.1
130.1,-19.15,92.6
130.35,-19.15,88.0
130.6,-19.15,84.6
130.85,-19.15,81.4
131.1,-19.15,80.1
131.35,-19.15,80.0
131.6,-19.15,79.8
131.85,-19.15,78.8
132.1,-19.15,79.5
132.35,-19.15,78.7
132.6,-19.15,78.2
132.85,-19.15,78.7
133.1,-19.15,79.0
133.35,-19.15,78.4
133.6,-19.15,76.1
133.85,-19.15,72.9
134.1,-19.15,68.5
134.35,-19.15,64.0
134.6,-19.15,60.8
134.85,-19.15,57.8
135.1,-19.15,55.9
135.35,-19.15,56.6
135.6,-19.15,58.2
135.85,-19.15,59.0
136.1,-19.15,60.6
136.35,-19.15,67.2
136.6,-19.15,74.5
136.85,-19.15,75.5
137.1,-19.15,70.7
137.35,-19.15,66.3
137.6,-19.15,64.1
137.85,-19.15,62.0
138.1,-19.15,63.5
138.35,-19.15,63.6
138.6,-19.15,65.1
138.85,-19.15,68.3
139.1,-19.15,70.9
139.35,-19.15,76.8
139.6,-19.15,82.8
139.85,-19.15,82.7
140.1,-19.15,84.8
140.35,-19.15,82.7
140.6,-19.15,82.2
140.85,-19.15,91.6
141.1,-19.15,101.2
141.35,-19.15,104.1
141.6,-19.15,100.3
141.85,-19.15,95.0
142.1,-19.15,89.5
142.35,-19.15,85.3
142.6,-19.15,83.1
142.85,-19.15,82.0
143.1,-19.15,83.4
143.35,-19.15,88.0
143.6,-19.15,93.3
143.85,-19.15,93.5
144.1,-19.15,98.9
144.35,-19.15,109.3
144.6,-19.15,108.1
144.85,-19.15,103.7
145.1,-19.15,103.3
145.35,-19.15,100.8
145.6,-19.15,109.0
145.85,-19.15,125.9
146.1,-19.15,126.3
146.35,-19.15,127.2
146.6,-19.15,128.6
146.85,-19.15,114.8
147.1,-19.15,118.7
121.6,-18.9,111.0
121.85,-18.9,109.8
122.1,-18.9,113.1
122.35,-18.9,119.8
122.6,-18.9,125.9
122.85,-18.9,127.6
123.1,-18.9,127.1
123.35,-18.9,124.9
123.6,-18.9,122.9
123.85,-18.9,121.2
124.1,-18.9,120.0
124.35,-18.9,120.1
124.6,-18.9,119.0
124.85,-18.9,117.8
125.1,-18.9,118.5
125.35,-18.9,120.2
125.6,-18.9,112.9
125.85,-18.9,95.7
126.1,-18.9,101.6
126.35,-18.9,112.3
126.6,-18.9,111.4
126.85,-18.9,102.6
127.1,-18.9,96.8
127.35,-18.9,90.5
127.6,-18.9,88.7
127.85,-18.9,90.6
128.1,-18.9,96.3
128.35,-18.9,96.7
128.6,-18.9,92.0
128.85,-18.9,90.1
129.1,-18.9,88.8
129.35,-18.9,89.0
129.6,-18.9,89.3
129.85,-18.9,89.8
130.1,-18.9,88.6
130.35,-18.9,85.1
130.6,-18.9,81.2
130.85,-18.9,79.9
131.1,-18.9,79.2
131.35,-18.9,79.5
131.6,-18.9,80.9
131.85,-18.9,80.5
132.1,-18.9,82.0
132.35,-18.9,82.0
132.6,-18.9,80.2
132.85,-18.9,80.4
133.1,-18.9,78.0
133.35,-18.9,78.7
133.6,-18.9,77.2
133.85,-18.9,72.8
134.1,-18.9,64.8
134.35,-18.9,61.9
134.6,-18.9,59.4
134.85,-18.9,55.7
135.1,-18.9,54.4
135.35,-18.9,55.8
135.6,-18.9,59.3
135.85,-18.9,61.6
136.1,-18.9,65.0
136.35,-18.9,69.9
136.6,-18.9,76.3
136.85,-18.9,76.4
137.1,-18.9,71.5
137.35,-18.9,68.9
137.6,-18.9,66.6
137.85,-18.9,65.2
138.1,-18.9,66.7
138.35,-18.9,67.0
138.6,-18.9,66.8
138.85,-18.9,66.7
139.1,-18.9,65.5
139.35,-18.9,72.5
139.6,-18.9,86.7
139.85,-18.9,83.8
140.1,-18.9,80.3
140.35,-18.9,78.9
140.6,-18.9,80.9
140.85,-18.9,96.1
141.1,-18.9,109.9
141.35,-18.9,112.4
141.6,-18.9,106.6
141.85,-18.9,100.3
142.1,-18.9,95.3
142.35,-18.9,91.1
142.6,-18.9,87.9
142.85,-18.9,88.0
143.1,-18.9,88.1
143.35,-18.9,88.7
143.6,-18.9,90.5
143.85,-18.9,94.1
144.1,-18.9,101.4
144.35,-18.9,106.9
144.6,-18.9,103.8
144.85,-18.9,101.4
145.1,-18.9,105.0
145.35,-18.9,113.2
145.6,-18.9,113.6
145.85,-18.9,120.0
146.1,-18.9,115.4
146.35,-18.9,122.8
146.6,-18.9,103.2
121.6,-18.65,102.6
121.85,-18.65,100.1
122.1,-18.65,110.4
122.35,-18.65,121.3
122.6,-18.65,129.2
122.85,-18.65,131.6
123.1,-18.65,128.9
123.35,-18.65,124.9
123.6,-18.65,122.6
123.85,-18.65,122.3
124.1,-18.65,120.9
124.35,-18.65,120.3
124.6,-18.65,118.4
124.85,-18.65,115.3
125.1,-18.65,112.5
125.35,-18.65,109.0
125.6,-18.65,100.9
125.85,-18.65,95.8
126.1,-18.65,100.2
126.35,-18.65,107.4
126.6,-18.65,105.8
126.85,-18.65,106.0
127.1,-18.65,101.5
127.35,-18.65,94.8
127.6,-18.65,95.5
127.85,-18.65,91.6
128.1,-18.65,90.6
128.35,-18.65,91.2
128.6,-18.65,89.7
128.85,-18.65,90.3
129.1,-18.65,89.3
129.35,-18.65,88.5
129.6,-18.65,87.9
129.85,-18.65,87.5
130.1,-18.65,85.6
130.35,-18.65,81.6
130.6,-18.65,77.2
130.85,-18.65,76.5
131.1,-18.65,78.3
131.35,-18.65,78.7
131.6,-18.65,80.7
131.85,-18.65,81.7
132.1,-18.65,81.8
132.35,-18.65,82.4
132.6,-18.65,81.3
132.85,-18.65,80.8
133.1,-18.65,79.2
133.35,-18.65,79.1
133.6,-18.65,78.9
133.85,-18.65,76.9
134.1,-18.65,67.3
134.35,-18.65,61.6
134.6,-18.65,58.2
134.85,-18.65,55.5
135.1,-18.65,55.2
135.35,-18.65,56.9
135.6,-18.65,60.1
135.85,-18.65,63.4
136.1,-18.65,66.3
136.35,-18.65,69.8
136.6,-18.65,74.1
136.85,-18.65,74.6
137.1,-18.65,72.4
137.35,-18.65,71.0
137.6,-18.65,69.8
137.85,-18.65,68.9
138.1,-18.65,69.4
138.35,-18.65,70.2
138.6,-18.65,66.1
138.85,-18.65,63.6
139.1,-18.65,61.6
139.35,-18.65,69.2
139.6,-18.65,88.1
139.85,-18.65,92.5
140.1,-18.65,86.7
140.35,-18.65,85.0
140.6,-18.65,90.1
140.85,-18.65,103.5
141.1,-18.65,113.7
141.35,-18.65,115.7
141.6,-18.65,111.0
141.85,-18.65,105.9
142.1,-18.65,100.9
142.35,-18.65,97.3
142.6,-18.65,95.6
142.85,-18.65,96.1
143.1,-18.65,98.3
143.35,-18.65,99.4
143.6,-18.65,92.5
143.85,-18.65,93.8
144.1,-18.65,98.1
144.35,-18.65,101.7
144.6,-18.65,97.5
144.85,-18.65,98.2
145.1,-18.65,103.9
145.35,-18.65,116.3
145.6,-18.65,121.6
145.85,-18.65,115.5
146.1,-18.65,107.0
146.35,-18.65,110.4
146.6,-18.65,97.4
121.85,-18.4,102.3
122.1,-18.4,117.7
122.35,-18.4,130.7
122.6,-18.4,139.2
122.85,-18.4,140.0
123.1,-18.4,136.8
123.35,-18.4,131.5
123.6,-18.4,126.5
123.85,-18.4,123.0
124.1,-18.4,120.9
124.35,-18.4,119.1
124.6,-18.4,116.2
124.85,-18.4,112.2
125.1,-18.4,106.9
125.35,-18.4,99.5
125.6,-18.4,85.0
125.85,-18.4,92.3
126.1,-18.4,102.1
126.35,-18.4,103.7
126.6,-18.4,104.4
126.85,-18.4,103.8
127.1,-18.4,100.7
127.35,-18.4,94.1
127.6,-18.4,92.1
127.85,-18.4,87.7
128.1,-18.4,86.2
128.35,-18.4,89.3
128.6,-18.4,92.4
128.85,-18.4,93.3
129.1,-18.4,91.0
129.35,-18.4,88.6
129.6,-18.4,87.8
129.85,-18.4,87.4
130.1,-18.4,85.9
130.35,-18.4,80.3
130.6,-18.4,74.2
130.85,-18.4,74.7
131.1,-18.4,76.8
131.35,-18.4,79.1
131.6,-18.4,80.4
131.85,-18.4,81.9
132.1,-18.4,82.7
132.35,-18.4,81.3
132.6,-18.4,80.9
132.85,-18.4,79.8
133.1,-18.4,78.4
133.35,-18.4,78.3
133.6,-18.4,78.5
133.85,-18.4,76.9
134.1,-18.4,71.0
134.35,-18.4,64.1
134.6,-18.4,59.6
134.85,-18.4,57.8
135.1,-18.4,58.0
135.35,-18.4,59.7
135.6,-18.4,60.6
135.85,-18.4,61.5
136.1,-18.4,64.9
136.35,-18.4,69.0
136.6,-18.4,72.9
136.85,-18.4,74.3
137.1,-18.4,74.6
137.35,-18.4,75.2
137.6,-18.4,74.3
137.85,-18.4,74.1
138.1,-18.4,73.5
138.35,-18.4,72.3
138.6,-18.4,69.7
138.85,-18.4,68.3
139.1,-18.4,69.6
139.35,-18.4,77.3
139.6,-18.4,87.0
139.85,-18.4,93.9
140.1,-18.4,94.2
140.35,-18.4,96.0
140.6,-18.4,100.7
140.85,-18.4,106.4
141.1,-18.4,112.0
141.35,-18.4,114.7
141.6,-18.4,112.2
141.85,-18.4,109.8
142.1,-18.4,106.7
142.35,-18.4,102.4
142.6,-18.4,102.9
142.85,-18.4,104.0
143.1,-18.4,108.0
143.35,-18.4,110.8
143.6,-18.4,95.9
143.85,-18.4,92.5
144.1,-18.4,92.7
144.35,-18.4,92.6
144.6,-18.4,89.7
144.85,-18.4,88.0
145.1,-18.4,95.9
145.35,-18.4,113.0
145.6,-18.4,132.9
145.85,-18.4,118.6
146.1,-18.4,109.2
146.35,-18.4,97.2
122.1,-18.15,132.9
122.35,-18.15,147.2
122.6,-18.15,154.0
122.85,-18.15,150.4
123.1,-18.15,146.7
123.35,-18.15,142.5
123.6,-18.15,134.5
123.85,-18.15,126.0
124.1,-18.15,123.2
124.35,-18.15,118.5
124.6,-18.15,114.1
124.85,-18.15,109.6
125.1,-18.15,107.5
125.35,-18.15,101.5
125.6,-18.15,86.4
125.85,-18.15,98.0
126.1,-18.15,102.6
126.35,-18.15,102.2
126.6,-18.15,102.6
126.85,-18.15,102.4
127.1,-18.15,101.9
127.35,-18.15,102.0
127.6,-18.15,105.2
127.85,-18.15,91.0
128.1,-18.15,89.4
128.35,-18.15,92.1
128.6,-18.15,96.2
128.85,-18.15,98.4
129.1,-18.15,94.1
129.35,-18.15,90.3
129.6,-18.15,90.8
129.85,-18.15,90.8
130.1,-18.15,89.5
130.35,-18.15,84.0
130.6,-18.15,77.1
130.85,-18.15,76.1
131.1,-18.15,78.1
131.35,-18.15,79.8
131.6,-18.15,81.5
131.85,-18.15,82.3
132.1,-18.15,81.8
132.35,-18.15,82.0
132.6,-18.15,81.4
132.85,-18.15,79.2
133.1,-18.15,77.7
133.35,-18.15,75.8
133.6,-18.15,73.7
133.85,-18.15,73.8
134.1,-18.15,71.9
134.35,-18.15,67.5
134.6,-18.15,63.1
134.85,-18.15,60.3
135.1,-18.15,60.4
135.35,-18.15,62.1
135.6,-18.15,60.4
135.85,-18.15,57.9
136.1,-18.15,61.9
136.35,-18.15,67.2
136.6,-18.15,71.2
136.85,-18.15,73.8
137.1,-18.15,77.5
137.35,-18.15,80.2
137.6,-18.15,80.4
137.85,-18.15,80.2
138.1,-18.15,79.1
138.35,-18.15,78.2
138.6,-18.15,76.9
138.85,-18.15,76.6
139.1,-18.15,77.5
139.35,-18.15,84.7
139.6,-18.15,90.4
139.85,-18.15,95.5
140.1,-18.15,100.8
140.35,-18.15,105.3
140.6,-18.15,108.6
140.85,-18.15,108.2
141.1,-18.15,108.7
141.35,-18.15,110.7
141.6,-18.15,111.6
141.85,-18.15,113.0
142.1,-18.15,113.4
142.35,-18.15,111.5
142.6,-18.15,108.5
142.85,-18.15,109.7
143.1,-18.15,109.2
143.35,-18.15,105.3
143.6,-18.15,96.1
143.85,-18.15,92.9
144.1,-18.15,93.6
144.35,-18.15,93.5
144.6,-18.15,86.6
144.85,-18.15,83.5
145.1,-18.15,91.8
145.35,-18.15,108.5
145.6,-18.15,104.0
145.85,-18.15,99.1
146.1,-18.15,101.0
146.35,-18.15,97.6
122.1,-17.9,147.1
122.35,-17.9,158.2
122.6,-17.9,161.8
122.85,-17.9,155.2
123.1,-17.9,151.0
123.35,-17.9,148.5
123.6,-17.9,142.6
123.85,-17.9,129.0
124.1,-17.9,130.3
124.35,-17.9,124.3
124.6,-17.9,112.6
124.85,-17.9,106.1
125.1,-17.9,104.9
125.35,-17.9,102.2
125.6,-17.9,99.9
125.85,-17.9,106.2
126.1,-17.9,109.1
126.35,-17.9,106.3
126.6,-17.9,104.7
126.85,-17.9,103.1
127.1,-17.9,102.5
127.35,-17.9,104.1
127.6,-17.9,102.3
127.85,-17.9,93.1
128.1,-17.9,91.3
128.35,-17.9,96.0
128.6,-17.9,99.0
128.85,-17.9,100.4
129.1,-17.9,95.3
129.35,-17.9,92.7
129.6,-17.9,96.7
129.85,-17.9,94.6
130.1,-17.9,93.4
130.35,-17.9,88.5
130.6,-17.9,81.4
130.85,-17.9,79.7
131.1,-17.9,80.8
131.35,-17.9,82.1
131.6,-17.9,82.4
131.85,-17.9,82.5
132.1,-17.9,82.7
132.35,-17.9,82.9
132.6,-17.9,81.1
132.85,-17.9,79.3
133.1,-17.9,75.9
133.35,-17.9,73.1
133.6,-17.9,70.8
133.85,-17.9,72.2
134.1,-17.9,73.7
134.35,-17.9,71.2
134.6,-17.9,66.6
134.85,-17.9,63.4
135.1,-17.9,60.8
135.35,-17.9,58.4
135.6,-17.9,52.9
135.85,-17.9,53.1
136.1,-17.9,60.6
136.35,-17.9,67.4
136.6,-17.9,73.3
136.85,-17.9,76.5
137.1,-17.9,81.6
137.35,-17.9,85.4
137.6,-17.9,87.4
137.85,-17.9,87.9
138.1,-17.9,86.3
138.35,-17.9,85.2
138.6,-17.9,84.1
138.85,-17.9,84.4
139.1,-17.9,88.0
139.35,-17.9,92.3
139.6,-17.9,95.9
139.85,-17.9,104.7
140.1,-17.9,109.2
140.35,-17.9,112.1
140.6,-17.9,113.1
140.85,-17.9,110.5
141.1,-17.9,106.0
141.35,-17.9,108.4
141.6,-17.9,112.6
141.85,-17.9,116.2
142.1,-17.9,117.5
142.35,-17.9,115.3
142.6,-17.9,111.8
142.85,-17.9,110.6
143.1,-17.9,107.6
143.35,-17.9,103.2
143.6,-17.9,97.4
143.85,-17.9,94.4
144.1,-17.9,93.7
144.35,-17.9,91.8
144.6,-17.9,87.2
144.85,-17.9,85.6
145.1,-17.9,90.4
145.35,-17.9,100.2
145.6,-17.9,76.4
145.85,-17.9,90.3
146.1,-17.9,101.5
122.1,-17.65,139.2
122.35,-17.65,146.4
122.6,-17.65,149.9
122.85,-17.65,148.9
123.1,-17.65,146.7
123.35,-17.65,140.8
123.6,-17.65,131.4
123.85,-17.65,115.7
124.1,-17.65,109.9
124.35,-17.65,114.8
124.6,-17.65,110.9
124.85,-17.65,105.9
125.1,-17.65,101.0
125.35,-17.65,101.4
125.6,-17.65,105.2
125.85,-17.65,114.6
126.1,-17.65,122.8
126.35,-17.65,112.2
126.6,-17.65,104.9
126.85,-17.65,102.6
127.1,-17.65,101.1
127.35,-17.65,98.4
127.6,-17.65,95.1
127.85,-17.65,91.6
128.1,-17.65,92.9
128.35,-17.65,97.7
128.6,-17.65,99.9
128.85,-17.65,99.1
129.1,-17.65,94.8
129.35,-17.65,92.8
129.6,-17.65,95.3
129.85,-17.65,93.2
130.1,-17.65,90.5
130.35,-17.65,84.9
130.6,-17.65,80.5
130.85,-17.65,80.2
131.1,-17.65,82.8
131.35,-17.65,83.6
131.6,-17.65,83.8
131.85,-17.65,84.9
132.1,-17.65,85.1
132.35,-17.65,84.7
132.6,-17.65,82.1
132.85,-17.65,80.7
133.1,-17.65,77.6
133.35,-17.65,73.1
133.6,-17.65,69.3
133.85,-17.65,73.5
134.1,-17.65,77.4
134.35,-17.65,76.8
134.6,-17.65,72.5
134.85,-17.65,68.1
135.1,-17.65,62.3
135.35,-17.65,56.3
135.6,-17.65,53.4
135.85,-17.65,57.5
136.1,-17.65,64.1
136.35,-17.65,71.1
136.6,-17.65,76.6
136.85,-17.65,82.2
137.1,-17.65,87.9
137.35,-17.65,92.6
137.6,-17.65,95.7
137.85,-17.65,94.6
138.1,-17.65,92.6
138.35,-17.65,90.9
138.6,-17.65,91.5
138.85,-17.65,93.0
139.1,-17.65,96.5
139.35,-17.65,99.8
139.6,-17.65,108.8
139.85,-17.65,115.6
140.1,-17.65,115.9
140.35,-17.65,116.4
140.6,-17.65,114.6
140.85,-17.65,109.8
141.1,-17.65,103.2
141.35,-17.65,108.0
141.6,-17.65,114.7
141.85,-17.65,119.4
142.1,-17.65,119.3
142.35,-17.65,116.3
142.6,-17.65,112.3
142.85,-17.65,109.8
143.1,-17.65,106.0
143.35,-17.65,102.1
143.6,-17.65,98.2
143.85,-17.65,95.7
144.1,-17.65,93.9
144.35,-17.65,91.7
144.6,-17.65,88.2
144.85,-17.65,87.0
145.1,-17.65,90.3
145.35,-17.65,101.4
145.6,-17.65,93.8
145.85,-17.65,99.8
146.1,-17.65,94.9
122.1,-17.4,129.6
122.35,-17.4,132.0
122.6,-17.4,134.0
122.85,-17.4,137.5
123.1,-17.4,139.9
123.35,-17.4,136.1
123.6,-17.4,126.1
123.85,-17.4,97.6
124.1,-17.4,87.6
124.35,-17.4,109.5
124.6,-17.4,109.8
124.85,-17.4,104.3
125.1,-17.4,100.0
125.35,-17.4,98.2
125.6,-17.4,100.8
125.85,-17.4,109.8
126.1,-17.4,118.2
126.35,-17.4,110.3
126.6,-17.4,107.9
126.85,-17.4,105.8
127.1,-17.4,100.6
127.35,-17.4,93.2
127.6,-17.4,92.3
127.85,-17.4,96.3
128.1,-17.4,98.2
128.35,-17.4,100.6
128.6,-17.4,100.3
128.85,-17.4,98.5
129.1,-17.4,96.1
129.35,-17.4,93.8
129.6,-17.4,91.3
129.85,-17.4,86.6
130.1,-17.4,82.8
130.35,-17.4,78.5
130.6,-17.4,76.9
130.85,-17.4,78.9
131.1,-17.4,83.3
131.35,-17.4,84.4
131.6,-17.4,85.9
131.85,-17.4,87.1
132.1,-17.4,87.7
132.35,-17.4,85.5
132.6,-17.4,84.3
132.85,-17.4,82.8
133.1,-17.4,80.7
133.35,-17.4,78.8
133.6,-17.4,75.6
133.85,-17.4,77.7
134.1,-17.4,82.2
134.35,-17.4,82.7
134.6,-17.4,79.5
134.85,-17.4,74.7
135.1,-17.4,68.8
135.35,-17.4,64.1
135.6,-17.4,63.4
135.85,-17.4,66.8
136.1,-17.4,71.5
136.35,-17.4,77.0
136.6,-17.4,82.5
136.85,-17.4,88.8
137.1,-17.4,94.6
137.35,-17.4,100.7
137.6,-17.4,103.6
137.85,-17.4,103.5
138.1,-17.4,98.2
138.35,-17.4,94.6
138.6,-17.4,96.9
138.85,-17.4,99.9
139.1,-17.4,105.5
139.35,-17.4,112.9
139.6,-17.4,119.2
140.6,-17.4,111.8
140.85,-17.4,109.1
141.1,-17.4,107.8
141.35,-17.4,110.6
141.6,-17.4,116.6
141.85,-17.4,121.4
142.1,-17.4,117.9
142.35,-17.4,114.1
142.6,-17.4,110.7
142.85,-17.4,107.9
143.1,-17.4,104.3
143.35,-17.4,101.6
143.6,-17.4,99.0
143.85,-17.4,97.3
144.1,-17.4,95.2
144.35,-17.4,92.4
144.6,-17.4,89.2
144.85,-17.4,87.9
145.1,-17.4,87.0
145.35,-17.4,83.2
145.6,-17.4,105.4
145.85,-17.4,107.1
146.1,-17.4,90.0
122.1,-17.15,124.0
122.35,-17.15,121.3
122.6,-17.15,122.1
122.85,-17.15,127.2
123.1,-17.15,131.5
123.35,-17.15,133.8
123.6,-17.15,124.2
123.85,-17.15,102.6
124.1,-17.15,93.0
124.35,-17.15,101.6
124.6,-17.15,103.3
124.85,-17.15,99.5
125.1,-17.15,96.1
125.35,-17.15,94.0
125.6,-17.15,93.0
125.85,-17.15,98.7
126.1,-17.15,105.3
126.35,-17.15,108.1
126.6,-17.15,111.0
126.85,-17.15,110.0
127.1,-17.15,103.4
127.35,-17.15,96.7
127.6,-17.15,98.3
127.85,-17.15,104.4
128.1,-17.15,108.5
128.35,-17.15,105.5
128.6,-17.15,99.9
128.85,-17.15,98.2
129.1,-17.15,94.4
129.35,-17.15,93.4
129.6,-17.15,90.4
129.85,-17.15,83.7
130.1,-17.15,79.5
130.35,-17.15,75.3
130.6,-17.15,74.4
130.85,-17.15,77.8
131.1,-17.15,79.6
131.35,-17.15,81.6
131.6,-17.15,87.6
131.85,-17.15,91.1
132.1,-17.15,90.5
132.35,-17.15,87.9
132.6,-17.15,86.7
132.85,-17.15,85.0
133.1,-17.15,83.9
133.35,-17.15,83.6
133.6,-17.15,83.1
133.85,-17.15,84.5
134.1,-17.15,87.9
134.35,-17.15,89.6
134.6,-17.15,87.7
134.85,-17.15,83.3
135.1,-17.15,78.7
135.35,-17.15,76.3
135.6,-17.15,77.3
135.85,-17.15,80.3
136.1,-17.15,81.6
136.35,-17.15,84.3
136.6,-17.15,88.7
136.85,-17.15,93.2
137.1,-17.15,99.2
137.35,-17.15,105.0
137.6,-17.15,108.4
137.85,-17.15,109.6
138.1,-17.15,104.7
138.35,-17.15,100.2
138.6,-17.15,101.0
138.85,-17.15,104.4
139.1,-17.15,110.5
139.35,-17.15,130.3
139.6,-17.15,143.5
140.85,-17.15,111.4
141.1,-17.15,110.5
141.35,-17.15,111.3
141.6,-17.15,112.8
141.85,-17.15,113.0
142.1,-17.15,110.0
142.35,-17.15,108.9
142.6,-17.15,107.2
142.85,-17.15,105.4
143.1,-17.15,102.8
143.35,-17.15,99.6
143.6,-17.15,97.7
143.85,-17.15,96.6
144.1,-17.15,95.9
144.35,-17.15,94.7
144.6,-17.15,88.4
144.85,-17.15,87.6
145.1,-17.15,83.6
145.35,-17.15,89.8
145.6,-17.15,122.5
145.85,-17.15,119.2
146.1,-17.15,93.4
122.35,-16.9,114.5
122.6,-16.9,113.3
122.85,-16.9,118.7
123.1,-16.9,125.9
123.35,-16.9,130.7
123.6,-16.9,123.9
123.85,-16.9,116.2
124.1,-16.9,106.2
124.35,-16.9,103.4
124.6,-16.9,100.5
124.85,-16.9,95.6
125.1,-16.9,94.7
125.35,-16.9,97.3
125.6,-16.9,96.7
125.85,-16.9,97.0
126.1,-16.9,101.5
126.35,-16.9,106.8
126.6,-16.9,112.0
126.85,-16.9,110.6
127.1,-16.9,107.3
127.35,-16.9,106.4
127.6,-16.9,110.3
127.85,-16.9,116.1
128.1,-16.9,120.4
128.35,-16.9,111.5
128.6,-16.9,101.4
128.85,-16.9,97.9
129.1,-16.9,96.6
129.35,-16.9,96.5
129.6,-16.9,94.6
129.85,-16.9,90.0
130.1,-16.9,85.0
130.35,-16.9,81.7
130.6,-16.9,83.6
130.85,-16.9,82.2
131.1,-16.9,80.8
131.35,-16.9,82.3
131.6,-16.9,92.1
131.85,-16.9,97.1
132.1,-16.9,92.7
132.35,-16.9,88.3
132.6,-16.9,86.1
132.85,-16.9,84.8
133.1,-16.9,84.3
133.35,-16.9,84.8
133.6,-16.9,87.1
133.85,-16.9,90.3
134.1,-16.9,94.3
134.35,-16.9,96.5
134.6,-16.9,97.3
134.85,-16.9,94.8
135.1,-16.9,90.2
135.35,-16.9,88.3
135.6,-16.9,91.5
135.85,-16.9,94.3
136.1,-16.9,92.5
136.35,-16.9,92.6
136.6,-16.9,93.8
136.85,-16.9,95.3
137.1,-16.9,99.9
137.35,-16.9,106.0
137.6,-16.9,109.4
137.85,-16.9,109.4
138.1,-16.9,107.1
138.35,-16.9,104.4
138.6,-16.9,103.9
138.85,-16.9,105.7
139.1,-16.9,109.7
139.35,-16.9,118.9
139.6,-16.9,137.7
140.85,-16.9,111.4
141.1,-16.9,110.0
141.35,-16.9,109.2
141.6,-16.9,107.1
141.85,-16.9,103.3
142.1,-16.9,102.5
142.35,-16.9,104.1
142.6,-16.9,103.9
142.85,-16.9,102.6
143.1,-16.9,100.8
143.35,-16.9,97.2
143.6,-16.9,95.4
143.85,-16.9,93.9
144.1,-16.9,93.7
144.35,-16.9,95.7
144.6,-16.9,95.5
144.85,-16.9,96.7
145.1,-16.9,97.1
145.35,-16.9,103.6
145.6,-16.9,135.3
145.85,-16.9,103.6
122.6,-16.65,107.4
122.85,-16.65,111.0
123.1,-16.65,119.2
123.35,-16.65,123.2
123.6,-16.65,125.8
123.85,-16.65,124.9
124.1,-16.65,114.2
124.35,-16.65,106.2
124.6,-16.65,100.7
124.85,-16.65,95.9
125.1,-16.65,97.2
125.35,-16.65,103.2
125.6,-16.65,104.0
125.85,-16.65,101.3
126.1,-16.65,101.2
126.35,-16.65,101.4
126.6,-16.65,102.4
126.85,-16.65,104.5
127.1,-16.65,107.2
127.35,-16.65,111.9
127.6,-16.65,120.5
127.85,-16.65,126.0
128.1,-16.65,123.0
128.35,-16.65,113.8
128.6,-16.65,103.8
128.85,-16.65,98.6
129.1,-16.65,102.5
129.35,-16.65,101.5
129.6,-16.65,101.6
129.85,-16.65,97.0
130.1,-16.65,92.8
130.35,-16.65,91.5
130.6,-16.65,92.7
130.85,-16.65,88.5
131.1,-16.65,85.3
131.35,-16.65,87.5
131.6,-16.65,96.4
131.85,-16.65,99.5
132.1,-16.65,91.7
132.35,-16.65,87.1
132.6,-16.65,85.1
132.85,-16.65,83.8
133.1,-16.65,83.9
133.35,-16.65,83.2
133.6,-16.65,89.0
133.85,-16.65,93.6
134.1,-16.65,97.8
134.35,-16.65,102.5
134.6,-16.65,106.2
134.85,-16.65,104.2
135.1,-16.65,99.6
135.35,-16.65,98.4
135.6,-16.65,100.5
135.85,-16.65,102.8
136.1,-16.65,102.5
136.35,-16.65,100.2
136.6,-16.65,100.0
136.85,-16.65,99.2
137.1,-16.65,101.6
137.35,-16.65,105.9
137.6,-16.65,108.5
137.85,-16.65,108.6
138.1,-16.65,107.7
138.35,-16.65,106.0
138.6,-16.65,105.0
139.1,-16.65,107.3
139.35,-16.65,112.3
139.6,-16.65,117.0
141.1,-16.65,106.3
141.35,-16.65,104.9
141.6,-16.65,103.2
141.85,-16.65,101.2
142.1,-16.65,101.1
142.35,-16.65,102.0
142.6,-16.65,102.3
142.85,-16.65,101.1
143.1,-16.65,98.9
143.35,-16.65,96.6
143.6,-16.65,94.8
143.85,-16.65,90.2
144.1,-16.65,88.2
144.35,-16.65,94.3
144.6,-16.65,102.2
144.85,-16.65,111.9
145.1,-16.65,117.4
145.35,-16.65,117.8
145.6,-16.65,110.7
122.85,-16.4,101.5
123.1,-16.4,109.8
123.35,-16.4,119.6
123.6,-16.4,118.0
123.85,-16.4,118.9
124.1,-16.4,113.4
124.35,-16.4,106.6
124.6,-16.4,100.7
124.85,-16.4,97.1
125.1,-16.4,97.5
125.35,-16.4,100.4
125.6,-16.4,102.1
125.85,-16.4,101.6
126.1,-16.4,101.2
126.35,-16.4,94.9
126.6,-16.4,94.4
126.85,-16.4,98.2
127.1,-16.4,102.8
127.35,-16.4,111.2
127.6,-16.4,124.4
127.85,-16.4,132.2
128.1,-16.4,124.3
128.35,-16.4,115.2
128.6,-16.4,106.7
128.85,-16.4,102.2
129.1,-16.4,111.6
129.35,-16.4,108.9
129.6,-16.4,107.1
129.85,-16.4,102.2
130.1,-16.4,98.0
130.35,-16.4,97.1
130.6,-16.4,97.6
130.85,-16.4,92.6
131.1,-16.4,87.8
131.35,-16.4,88.5
131.6,-16.4,90.0
131.85,-16.4,89.3
132.1,-16.4,85.3
132.35,-16.4,84.0
132.6,-16.4,83.3
132.85,-16.4,83.0
133.1,-16.4,84.9
133.35,-16.4,88.0
133.6,-16.4,90.7
133.85,-16.4,94.3
134.1,-16.4,98.7
134.35,-16.4,104.3
134.6,-16.4,110.1
134.85,-16.4,109.3
135.1,-16.4,104.2
135.35,-16.4,104.4
135.6,-16.4,107.9
135.85,-16.4,110.3
136.1,-16.4,110.3
136.35,-16.4,108.4
136.6,-16.4,108.0
136.85,-16.4,106.2
137.1,-16.4,105.7
137.35,-16.4,107.1
137.6,-16.4,108.4
137.85,-16.4,109.0
139.35,-16.4,110.2
139.6,-16.4,114.5
139.85,-16.4,116.3
141.35,-16.4,99.8
141.6,-16.4,99.3
141.85,-16.4,99.9
142.1,-16.4,101.0
142.35,-16.4,101.4
142.6,-16.4,101.0
142.85,-16.4,100.1
143.1,-16.4,97.7
143.35,-16.4,94.7
143.6,-16.4,91.8
143.85,-16.4,87.5
144.1,-16.4,86.0
144.35,-16.4,92.0
144.6,-16.4,103.4
144.85,-16.4,115.5
145.1,-16.4,117.0
145.35,-16.4,115.0
145.6,-16.4,97.9
123.35,-16.15,104.3
123.6,-16.15,106.2
123.85,-16.15,112.4
124.1,-16.15,112.3
124.35,-16.15,100.2
124.6,-16.15,97.4
124.85,-16.15,94.8
125.1,-16.15,95.2
125.35,-16.15,96.6
125.6,-16.15,97.5
125.85,-16.15,97.6
126.1,-16.15,96.4
126.35,-16.15,93.4
126.6,-16.15,91.9
126.85,-16.15,94.0
127.1,-16.15,98.3
127.35,-16.15,107.6
127.6,-16.15,118.8
127.85,-16.15,126.2
128.1,-16.15,121.6
128.35,-16.15,115.9
128.6,-16.15,109.4
128.85,-16.15,102.0
129.1,-16.15,108.1
129.35,-16.15,110.1
129.6,-16.15,108.7
129.85,-16.15,103.2
130.1,-16.15,98.0
130.35,-16.15,96.2
130.6,-16.15,95.5
130.85,-16.15,97.1
131.1,-16.15,93.0
131.35,-16.15,87.4
131.6,-16.15,86.3
131.85,-16.15,85.6
132.1,-16.15,83.9
132.35,-16.15,82.8
132.6,-16.15,82.3
132.85,-16.15,82.5
133.1,-16.15,83.4
133.35,-16.15,85.3
133.6,-16.15,88.0
133.85,-16.15,91.7
134.1,-16.15,96.5
134.35,-16.15,101.2
134.6,-16.15,104.7
134.85,-16.15,106.5
135.1,-16.15,106.3
135.35,-16.15,108.1
135.6,-16.15,109.9
135.85,-16.15,112.1
136.1,-16.15,112.9
136.35,-16.15,114.4
136.6,-16.15,116.1
136.85,-16.15,112.3
137.1,-16.15,109.8
137.35,-16.15,108.9
137.6,-16.15,109.8
137.85,-16.15,109.1
141.35,-16.15,96.2
141.6,-16.15,96.2
141.85,-16.15,98.0
142.1,-16.15,100.0
142.35,-16.15,100.6
142.6,-16.15,100.7
142.85,-16.15,100.3
143.1,-16.15,97.2
143.35,-16.15,93.3
143.6,-16.15,89.0
143.85,-16.15,83.3
144.1,-16.15,81.0
144.35,-16.15,88.2
144.6,-16.15,99.5
144.85,-16.15,109.1
145.1,-16.15,114.7
145.35,-16.15,110.6
145.6,-16.15,98.0
124.35,-15.9,93.4
124.6,-15.9,91.7
124.85,-15.9,91.0
125.1,-15.9,91.3
125.35,-15.9,92.1
125.6,-15.9,92.8
125.85,-15.9,92.6
126.1,-15.9,92.0
126.35,-15.9,91.6
126.6,-15.9,91.2
126.85,-15.9,92.6
127.1,-15.9,96.3
127.35,-15.9,104.9
127.6,-15.9,113.5
127.85,-15.9,118.9
128.1,-15.9,114.2
128.35,-15.9,113.2
128.6,-15.9,109.3
128.85,-15.9,100.7
129.1,-15.9,110.6
129.35,-15.9,110.9
129.6,-15.9,107.7
129.85,-15.9,100.2
130.1,-15.9,94.4
130.35,-15.9,93.0
130.6,-15.9,92.1
130.85,-15.9,92.1
131.1,-15.9,89.2
131.35,-15.9,84.4
131.6,-15.9,83.9
131.85,-15.9,88.6
132.1,-15.9,86.4
132.35,-15.9,83.0
132.6,-15.9,81.8
132.85,-15.9,82.2
133.1,-15.9,81.8
133.35,-15.9,81.5
133.6,-15.9,83.3
133.85,-15.9,86.7
134.1,-15.9,92.8
134.35,-15.9,95.8
134.6,-15.9,98.4
134.85,-15.9,101.0
135.1,-15.9,103.3
135.35,-15.9,105.9
135.6,-15.9,108.8
135.85,-15.9,110.6
136.1,-15.9,113.0
136.35,-15.9,118.0
136.6,-15.9,119.4
136.85,-15.9,113.1
137.1,-15.9,109.8
137.35,-15.9,109.1
141.35,-15.9,94.2
141.6,-15.9,94.0
141.85,-15.9,95.4
142.1,-15.9,97.9
142.35,-15.9,99.3
142.6,-15.9,99.2
142.85,-15.9,99.9
143.1,-15.9,97.9
143.35,-15.9,94.3
143.6,-15.9,89.3
143.85,-15.9,84.4
144.1,-15.9,83.0
144.35,-15.9,90.8
144.6,-15.9,98.7
144.85,-15.9,105.6
145.1,-15.9,120.3
145.35,-15.9,134.9
124.35,-15.65,86.2
124.6,-15.65,85.0
124.85,-15.65,86.4
125.1,-15.65,87.1
125.35,-15.65,87.9
125.6,-15.65,88.0
125.85,-15.65,88.4
126.1,-15.65,88.8
126.35,-15.65,89.4
126.6,-15.65,90.9
126.85,-15.65,93.8
127.1,-15.65,97.6
127.35,-15.65,103.7
127.6,-15.65,110.5
127.85,-15.65,115.3
128.1,-15.65,116.2
128.35,-15.65,116.0
128.6,-15.65,115.9
128.85,-15.65,108.2
129.1,-15.65,108.7
129.35,-15.65,108.1
129.6,-15.65,106.7
129.85,-15.65,99.9
130.1,-15.65,91.0
130.35,-15.65,93.7
130.6,-15.65,89.5
130.85,-15.65,85.3
131.1,-15.65,83.6
131.35,-15.65,82.4
131.6,-15.65,84.6
131.85,-15.65,91.1
132.1,-15.65,89.8
132.35,-15.65,85.6
132.6,-15.65,85.1
132.85,-15.65,85.1
133.1,-15.65,83.4
133.35,-15.65,81.2
133.6,-15.65,81.3
133.85,-15.65,83.0
134.1,-15.65,85.9
134.35,-15.65,89.4
134.6,-15.65,92.0
134.85,-15.65,94.9
135.1,-15.65,98.3
135.35,-15.65,102.1
135.6,-15.65,105.1
135.85,-15.65,107.6
136.1,-15.65,109.6
136.35,-15.65,113.7
136.6,-15.65,113.3
136.85,-15.65,108.8
137.1,-15.65,108.6
141.35,-15.65,91.7
141.6,-15.65,91.2
141.85,-15.65,92.6
142.1,-15.65,95.6
142.35,-15.65,97.9
142.6,-15.65,99.2
142.85,-15.65,100.2
143.1,-15.65,100.1
143.35,-15.65,98.0
143.6,-15.65,93.6
143.85,-15.65,91.0
144.1,-15.65,93.4
144.35,-15.65,102.7
144.6,-15.65,106.6
144.85,-15.65,110.4
145.1,-15.65,119.0
145.35,-15.65,118.4
124.35,-15.4,80.9
124.6,-15.4,80.7
124.85,-15.4,82.5
125.1,-15.4,83.8
125.35,-15.4,83.7
125.6,-15.4,84.3
125.85,-15.4,85.3
126.1,-15.4,86.4
126.35,-15.4,88.2
126.6,-15.4,92.3
126.85,-15.4,95.5
127.1,-15.4,98.7
127.35,-15.4,102.7
127.6,-15.4,107.2
127.85,-15.4,110.1
128.1,-15.4,110.2
128.35,-15.4,117.3
128.6,-15.4,120.8
128.85,-15.4,112.2
129.1,-15.4,105.3
129.35,-15.4,100.1
129.6,-15.4,101.5
129.85,-15.4,101.9
130.1,-15.4,93.7
130.35,-15.4,91.4
130.6,-15.4,87.2
130.85,-15.4,82.5
131.1,-15.4,81.7
131.35,-15.4,83.0
131.6,-15.4,87.6
131.85,-15.4,90.8
132.1,-15.4,89.4
132.35,-15.4,89.0
132.6,-15.4,91.1
132.85,-15.4,93.7
133.1,-15.4,89.2
133.35,-15.4,84.5
133.6,-15.4,82.6
133.85,-15.4,81.4
134.1,-15.4,81.2
134.35,-15.4,83.9
134.6,-15.4,86.8
134.85,-15.4,89.6
135.1,-15.4,93.5
135.35,-15.4,97.3
135.6,-15.4,100.3
135.85,-15.4,102.1
136.1,-15.4,104.6
136.35,-15.4,107.3
136.6,-15.4,107.4
136.85,-15.4,107.3
141.35,-15.4,90.6
141.6,-15.4,88.4
141.85,-15.4,90.1
142.1,-15.4,94.7
142.35,-15.4,97.8
142.6,-15.4,99.6
142.85,-15.4,100.9
143.1,-15.4,101.6
143.35,-15.4,101.6
143.6,-15.4,98.7
143.85,-15.4,95.6
144.1,-15.4,100.6
144.35,-15.4,108.7
144.6,-15.4,109.7
144.85,-15.4,110.7
145.1,-15.4,110.2
145.35,-15.4,94.5
124.35,-15.15,80.1
124.6,-15.15,80.3
124.85,-15.15,80.4
125.1,-15.15,80.8
125.35,-15.15,80.5
125.6,-15.15,80.8
125.85,-15.15,82.6
126.1,-15.15,86.0
126.35,-15.15,90.7
126.6,-15.15,95.4
126.85,-15.15,98.1
127.1,-15.15,99.4
127.35,-15.15,101.5
127.6,-15.15,104.5
127.85,-15.15,107.3
128.1,-15.15,109.1
128.35,-15.15,113.0
128.6,-15.15,113.9
128.85,-15.15,108.7
129.1,-15.15,101.3
129.35,-15.15,92.7
129.6,-15.15,92.7
129.85,-15.15,95.3
130.1,-15.15,92.7
130.35,-15.15,88.7
130.6,-15.15,84.9
130.85,-15.15,81.6
131.1,-15.15,82.8
131.35,-15.15,86.1
131.6,-15.15,90.5
131.85,-15.15,89.9
132.1,-15.15,88.7
132.35,-15.15,91.4
132.6,-15.15,94.8
132.85,-15.15,97.2
133.1,-15.15,92.6
133.35,-15.15,88.7
133.6,-15.15,85.2
133.85,-15.15,82.8
134.1,-15.15,81.3
134.35,-15.15,81.7
134.6,-15.15,83.1
134.85,-15.15,85.7
135.1,-15.15,89.3
135.35,-15.15,92.9
135.6,-15.15,96.0
135.85,-15.15,98.2
141.6,-15.15,90.0
141.85,-15.15,92.0
142.1,-15.15,95.6
142.35,-15.15,98.7
142.6,-15.15,100.2
142.85,-15.15,100.8
143.1,-15.15,101.7
143.35,-15.15,100.5
143.6,-15.15,97.8
143.85,-15.15,96.0
144.1,-15.15,105.5
144.35,-15.15,109.1
144.6,-15.15,103.3
144.85,-15.15,94.7
145.1,-15.15,81.1
145.35,-15.15,73.0
124.85,-14.9,79.2
125.1,-14.9,78.7
125.35,-14.9,77.7
125.6,-14.9,78.2
125.85,-14.9,79.4
126.1,-14.9,86.3
126.35,-14.9,94.6
126.6,-14.9,100.8
126.85,-14.9,100.6
127.1,-14.9,99.5
127.35,-14.9,100.0
127.6,-14.9,101.0
127.85,-14.9,103.1
128.1,-14.9,105.3
128.35,-14.9,108.1
128.6,-14.9,108.0
128.85,-14.9,104.8
129.1,-14.9,99.1
129.35,-14.9,94.1
129.6,-14.9,92.9
129.85,-14.9,93.6
130.1,-14.9,92.6
130.35,-14.9,90.4
130.6,-14.9,87.4
130.85,-14.9,84.9
131.1,-14.9,87.9
131.35,-14.9,90.4
131.6,-14.9,88.4
131.85,-14.9,84.0
132.1,-14.9,89.4
132.35,-14.9,94.1
132.6,-14.9,95.1
132.85,-14.9,95.9
133.1,-14.9,96.2
133.35,-14.9,92.6
133.6,-14.9,89.0
133.85,-14.9,87.3
134.1,-14.9,85.9
134.35,-14.9,81.3
134.6,-14.9,81.1
134.85,-14.9,83.5
135.1,-14.9,86.9
135.35,-14.9,91.2
135.6,-14.9,94.6
135.85,-14.9,96.5
141.6,-14.9,91.7
141.85,-14.9,94.7
142.1,-14.9,98.4
142.35,-14.9,100.1
142.6,-14.9,99.7
142.85,-14.9,99.2
143.1,-14.9,100.0
143.35,-14.9,96.9
143.6,-14.9,93.6
143.85,-14.9,99.1
144.1,-14.9,107.5
144.35,-14.9,105.5
144.6,-14.9,96.3
144.85,-14.9,83.9
145.1,-14.9,68.8
145.35,-14.9,56.6
125.1,-14.65,75.2
125.35,-14.65,76.3
125.6,-14.65,76.4
125.85,-14.65,78.5
126.1,-14.65,85.2
126.35,-14.65,95.9
126.6,-14.65,102.4
126.85,-14.65,101.1
127.1,-14.65,97.9
127.35,-14.65,96.6
127.6,-14.65,98.0
127.85,-14.65,99.3
128.1,-14.65,101.6
128.35,-14.65,103.0
128.6,-14.65,105.0
129.6,-14.65,95.0
129.85,-14.65,95.1
130.1,-14.65,95.0
130.35,-14.65,95.1
130.6,-14.65,95.5
130.85,-14.65,96.1
131.1,-14.65,97.9
131.35,-14.65,98.0
131.6,-14.65,91.9
131.85,-14.65,88.6
132.1,-14.65,94.4
132.35,-14.65,97.1
132.6,-14.65,95.2
132.85,-14.65,92.9
133.1,-14.65,97.3
133.35,-14.65,95.4
133.6,-14.65,90.5
133.85,-14.65,89.1
134.1,-14.65,88.3
134.35,-14.65,82.1
134.6,-14.65,81.5
134.85,-14.65,83.8
135.1,-14.65,87.5
135.35,-14.65,91.3
135.6,-14.65,93.5
141.6,-14.65,95.0
141.85,-14.65,98.8
142.1,-14.65,102.2
142.35,-14.65,101.5
142.6,-14.65,99.4
142.85,-14.65,98.0
143.1,-14.65,96.3
143.35,-14.65,91.9
143.6,-14.65,89.3
143.85,-14.65,95.4
144.1,-14.65,99.3
144.35,-14.65,97.6
144.6,-14.65,91.0
144.85,-14.65,82.0
145.1,-14.65,73.7
145.35,-14.65,73.5
145.6,-14.65,74.7
124.85,-14.4,74.0
125.1,-14.4,74.1
125.35,-14.4,73.8
125.6,-14.4,74.5
125.85,-14.4,77.5
126.1,-14.4,83.7
126.35,-14.4,92.5
126.6,-14.4,100.7
126.85,-14.4,98.4
127.1,-14.4,94.0
127.35,-14.4,92.4
127.6,-14.4,93.9
127.85,-14.4,96.2
129.35,-14.4,98.0
129.6,-14.4,97.0
129.85,-14.4,97.6
130.1,-14.4,98.1
130.35,-14.4,100.9
130.6,-14.4,105.5
130.85,-14.4,110.8
131.1,-14.4,107.0
131.35,-14.4,101.4
131.6,-14.4,93.2
131.85,-14.4,89.8
132.1,-14.4,91.7
132.35,-14.4,102.0
132.6,-14.4,99.0
132.85,-14.4,93.6
133.1,-14.4,100.6
133.35,-14.4,97.4
133.6,-14.4,88.8
133.85,-14.4,85.2
134.1,-14.4,87.4
134.35,-14.4,84.8
134.6,-14.4,83.4
134.85,-14.4,85.7
135.1,-14.4,89.8
135.35,-14.4,93.3
135.6,-14.4,95.1
135.85,-14.4,95.5
136.6,-14.4,98.0
136.85,-14.4,100.0
141.6,-14.4,97.3
141.85,-14.4,100.6
142.1,-14.4,102.6
142.35,-14.4,101.6
142.6,-14.4,98.6
142.85,-14.4,96.0
143.1,-14.4,92.6
143.35,-14.4,88.6
143.6,-14.4,87.5
143.85,-14.4,90.1
144.1,-14.4,93.4
144.35,-14.4,91.9
144.6,-14.4,88.5
125.6,-14.15,73.6
125.85,-14.15,74.1
126.1,-14.15,78.2
126.35,-14.15,85.7
126.6,-14.15,93.0
126.85,-14.15,92.4
127.1,-14.15,88.9
127.35,-14.15,88.0
127.6,-14.15,90.3
129.35,-14.15,98.3
129.6,-14.15,99.0
129.85,-14.15,100.6
130.1,-14.15,102.1
130.35,-14.15,104.7
130.6,-14.15,110.7
130.85,-14.15,119.9
131.1,-14.15,108.7
131.35,-14.15,95.3
131.6,-14.15,88.8
131.85,-14.15,83.5
132.1,-14.15,86.9
132.35,-14.15,94.0
132.6,-14.15,91.6
132.85,-14.15,95.2
133.1,-14.15,99.8
133.35,-14.15,95.5
133.6,-14.15,89.8
133.85,-14.15,88.7
134.1,-14.15,94.6
134.35,-14.15,87.9
134.6,-14.15,85.7
134.85,-14.15,88.5
135.1,-14.15,92.3
135.35,-14.15,96.1
135.6,-14.15,98.1
135.85,-14.15,99.3
136.35,-14.15,97.6
136.6,-14.15,99.2
136.85,-14.15,101.2
141.6,-14.15,97.6
141.85,-14.15,99.2
142.1,-14.15,100.6
142.35,-14.15,100.5
142.6,-14.15,98.2
142.85,-14.15,94.5
143.1,-14.15,89.4
143.35,-14.15,84.6
143.6,-14.15,82.1
143.85,-14.15,84.9
144.1,-14.15,89.8
144.35,-14.15,88.8
144.6,-14.15,87.8
125.85,-13.9,72.8
126.1,-13.9,72.1
126.35,-13.9,79.9
126.6,-13.9,82.3
126.85,-13.9,84.2
127.1,-13.9,83.7
127.35,-13.9,84.9
129.6,-13.9,103.1
129.85,-13.9,103.4
130.1,-13.9,104.5
130.35,-13.9,105.3
130.6,-13.9,106.5
130.85,-13.9,108.5
131.1,-13.9,105.2
131.35,-13.9,94.1
131.6,-13.9,93.3
131.85,-13.9,87.1
132.1,-13.9,96.7
132.35,-13.9,96.1
132.6,-13.9,86.6
132.85,-13.9,88.2
133.1,-13.9,89.3
133.35,-13.9,87.4
133.6,-13.9,90.0
133.85,-13.9,97.1
134.1,-13.9,100.0
134.35,-13.9,92.7
134.6,-13.9,90.5
134.85,-13.9,92.4
135.1,-13.9,95.9
135.35,-13.9,99.3
135.6,-13.9,102.2
135.85,-13.9,103.9
136.1,-13.9,105.5
136.35,-13.9,103.6
136.6,-13.9,104.9
136.85,-13.9,106.7
141.35,-13.9,96.0
141.6,-13.9,97.1
141.85,-13.9,98.5
142.1,-13.9,99.6
142.35,-13.9,100.0
142.6,-13.9,98.8
142.85,-13.9,94.4
143.1,-13.9,88.5
143.35,-13.9,83.0
143.6,-13.9,79.1
126.85,-13.65,80.5
127.1,-13.65,81.2
129.85,-13.65,108.6
130.1,-13.65,109.2
130.35,-13.65,107.2
130.6,-13.65,104.0
130.85,-13.65,100.4
131.1,-13.65,102.1
131.35,-13.65,105.1
131.6,-13.65,105.4
131.85,-13.65,99.3
132.1,-13.65,98.1
132.35,-13.65,93.2
132.6,-13.65,85.8
132.85,-13.65,85.4
133.1,-13.65,84.9
133.35,-13.65,85.4
133.6,-13.65,89.8
133.85,-13.65,95.4
134.1,-13.65,97.3
134.35,-13.65,96.0
134.6,-13.65,95.3
134.85,-13.65,96.9
135.1,-13.65,100.4
135.35,-13.65,103.8
135.6,-13.65,106.7
135.85,-13.65,108.0
136.1,-13.65,108.6
136.35,-13.65,107.9
136.6,-13.65,109.6
136.85,-13.65,108.6
141.6,-13.65,96.3
141.85,-13.65,98.1
142.1,-13.65,99.5
142.35,-13.65,101.1
142.6,-13.65,101.2
142.85,-13.65,97.4
143.1,-13.65,90.9
143.35,-13.65,87.2
143.6,-13.65,85.8
129.85,-13.4,112.8
130.1,-13.4,115.3
130.35,-13.4,116.0
130.6,-13.4,109.1
130.85,-13.4,99.4
131.1,-13.4,101.2
131.35,-13.4,108.3
131.6,-13.4,108.1
131.85,-13.4,105.3
132.1,-13.4,101.0
132.35,-13.4,95.6
132.6,-13.4,90.2
132.85,-13.4,87.9
133.1,-13.4,86.5
133.35,-13.4,86.7
133.6,-13.4,89.3
133.85,-13.4,93.1
134.1,-13.4,96.0
134.35,-13.4,97.5
134.6,-13.4,98.5
134.85,-13.4,100.9
135.1,-13.4,103.9
135.35,-13.4,107.9
135.6,-13.4,111.2
135.85,-13.4,113.6
136.1,-13.4,114.1
136.35,-13.4,114.5
141.6,-13.4,96.4
141.85,-13.4,97.6
142.1,-13.4,99.1
142.35,-13.4,101.7
142.6,-13.4,105.7
142.85,-13.4,106.4
143.1,-13.4,99.7
143.35,-13.4,93.3
143.6,-13.4,91.1
130.1,-13.15,123.6
130.35,-13.15,128.1
130.6,-13.15,118.0
130.85,-13.15,100.5
131.1,-13.15,98.0
131.35,-13.15,106.2
131.6,-13.15,108.2
131.85,-13.15,107.8
132.1,-13.15,105.5
132.35,-13.15,105.4
132.6,-13.15,102.1
132.85,-13.15,94.7
133.1,-13.15,90.2
133.35,-13.15,89.3
133.6,-13.15,90.1
133.85,-13.15,92.9
134.1,-13.15,95.6
134.35,-13.15,97.6
134.6,-13.15,100.8
134.85,-13.15,104.0
135.1,-13.15,107.9
135.35,-13.15,112.0
135.6,-13.15,115.8
135.85,-13.15,118.6
136.1,-13.15,117.5
136.35,-13.15,114.4
136.6,-13.15,113.2
141.6,-13.15,97.1
141.85,-13.15,96.9
142.1,-13.15,98.3
142.35,-13.15,100.5
142.6,-13.15,108.0
142.85,-13.15,112.6
143.1,-13.15,102.3
143.35,-13.15,96.5
143.6,-13.15,95.8
130.1,-12.9,123.5
130.35,-12.9,125.2
130.6,-12.9,116.7
130.85,-12.9,103.0
131.1,-12.9,102.4
131.35,-12.9,107.1
131.6,-12.9,107.3
131.85,-12.9,106.1
132.1,-12.9,107.2
132.35,-12.9,111.9
132.6,-12.9,111.7
132.85,-12.9,99.2
133.1,-12.9,94.1
133.35,-12.9,92.0
133.6,-12.9,91.6
133.85,-12.9,92.7
134.1,-12.9,95.1
134.35,-12.9,98.0
134.6,-12.9,101.6
134.85,-12.9,105.7
135.1,-12.9,110.6
135.35,-12.9,115.3
135.6,-12.9,121.0
135.85,-12.9,123.2
136.1,-12.9,120.0
136.35,-12.9,114.9
136.6,-12.9,111.3
141.6,-12.9,97.6
141.85,-12.9,96.2
142.1,-12.9,98.0
142.35,-12.9,101.8
142.6,-12.9,107.5
142.85,-12.9,108.5
143.1,-12.9,99.1
143.35,-12.9,94.5
143.6,-12.9,97.2
130.35,-12.65,118.0
130.6,-12.65,105.1
130.85,-12.65,94.3
131.1,-12.65,104.8
131.35,-12.65,104.0
131.6,-12.65,106.0
131.85,-12.65,105.8
132.1,-12.65,105.8
132.35,-12.65,105.4
132.6,-12.65,102.7
132.85,-12.65,99.5
133.1,-12.65,98.2
133.35,-12.65,94.6
133.6,-12.65,92.8
133.85,-12.65,93.0
134.1,-12.65,94.5
134.35,-12.65,97.4
134.6,-12.65,101.9
134.85,-12.65,106.1
135.1,-12.65,111.4
135.35,-12.65,116.9
135.6,-12.65,124.3
135.85,-12.65,128.2
136.1,-12.65,120.5
136.35,-12.65,112.9
136.6,-12.65,107.1
136.85,-12.65,102.9
141.6,-12.65,103.2
141.85,-12.65,100.0
142.1,-12.65,101.7
142.35,-12.65,105.1
142.6,-12.65,108.6
142.85,-12.65,106.6
143.1,-12.65,99.7
143.35,-12.65,97.8
130.6,-12.4,92.8
130.85,-12.4,93.4
131.1,-12.4,96.0
131.35,-12.4,101.9
131.6,-12.4,105.1
131.85,-12.4,105.2
132.1,-12.4,104.2
132.35,-12.4,102.1
132.6,-12.4,100.9
132.85,-12.4,102.8
133.1,-12.4,99.2
133.35,-12.4,94.7
133.6,-12.4,92.5
133.85,-12.4,92.1
134.1,-12.4,92.7
134.35,-12.4,95.8
134.6,-12.4,101.4
134.85,-12.4,107.2
135.1,-12.4,110.8
135.35,-12.4,113.9
135.6,-12.4,119.7
135.85,-12.4,123.2
136.1,-12.4,118.1
136.35,-12.4,108.3
136.6,-12.4,102.4
136.85,-12.4,98.2
137.1,-12.4,99.5
141.6,-12.4,105.0
141.85,-12.4,105.5
142.1,-12.4,106.0
142.35,-12.4,107.2
142.6,-12.4,108.8
142.85,-12.4,106.5
143.1,-12.4,103.0
143.35,-12.4,101.1
131.1,-12.15,102.0
131.35,-12.15,104.7
131.85,-12.15,105.0
132.1,-12.15,103.6
132.35,-12.15,102.3
132.6,-12.15,101.4
132.85,-12.15,100.5
133.1,-12.15,97.0
133.35,-12.15,93.8
133.6,-12.15,91.8
133.85,-12.15,90.7
134.1,-12.15,90.1
134.35,-12.15,93.3
134.6,-12.15,100.1
134.85,-12.15,107.4
135.1,-12.15,109.6
135.35,-12.15,108.3
135.6,-12.15,107.8
135.85,-12.15,111.0
136.1,-12.15,106.9
136.35,-12.15,102.4
136.6,-12.15,100.2
136.85,-12.15,99.2
141.6,-12.15,106.3
141.85,-12.15,107.4
142.1,-12.15,107.8
142.35,-12.15,108.2
142.6,-12.15,107.7
142.85,-12.15,105.7
143.1,-12.15,104.0
130.1,-11.9,91.0
130.35,-11.9,93.0
130.6,-11.9,95.8
130.85,-11.9,99.5
131.1,-11.9,103.9
132.6,-11.9,99.7
132.85,-11.9,97.5
133.1,-11.9,94.1
133.35,-11.9,92.0
133.6,-11.9,90.8
133.85,-11.9,90.0
134.1,-11.9,89.3
134.35,-11.9,90.1
134.6,-11.9,100.9
134.85,-11.9,105.3
135.1,-11.9,105.6
135.6,-11.9,102.9
135.85,-11.9,102.2
136.1,-11.9,102.0
136.35,-11.9,97.8
136.6,-11.9,96.1
141.85,-11.9,108.5
142.1,-11.9,108.4
142.35,-11.9,108.3
142.6,-11.9,107.3
142.85,-11.9,105.1
143.1,-11.9,102.3
143.35,-11.9,100.6
130.1,-11.65,90.3
130.35,-11.65,92.8
130.6,-11.65,97.6
130.85,-11.65,100.7
131.1,-11.65,105.3
131.35,-11.65,109.9
132.1,-11.65,107.9
132.6,-11.65,100.6
132.85,-11.65,95.8
133.1,-11.65,92.0
133.35,-11.65,90.4
133.6,-11.65,90.4
133.85,-11.65,89.8
135.85,-11.65,100.2
136.1,-11.65,98.3
136.35,-11.65,96.8
136.6,-11.65,96.5
142.1,-11.65,108.2
142.35,-11.65,107.1
142.6,-11.65,106.4
142.85,-11.65,103.6
130.1,-11.4,90.9
130.35,-11.4,93.4
130.6,-11.4,99.0
130.85,-11.4,103.4
131.1,-11.4,107.5
131.35,-11.4,111.5
131.6,-11.4,113.9
131.85,-11.4,113.8
132.1,-11.4,109.3
132.35,-11.4,106.5
132.6,-11.4,102.2
132.85,-11.4,94.6
133.1,-11.4,91.6
133.35,-11.4,88.9
133.6,-11.4,89.4
136.35,-11.4,96.6
136.6,-11.4,97.9
142.1,-11.4,105.9
142.35,-11.4,103.5
142.6,-11.4,101.6
142.85,-11.4,99.8
130.35,-11.15,95.1
130.6,-11.15,97.0
131.1,-11.15,108.3
131.35,-11.15,112.1
131.85,-11.15,113.6
132.1,-11.15,108.4
132.35,-11.15,107.6
132.6,-11.15,104.1
136.6,-11.15,100.1
136.85,-11.15,101.4
142.1,-11.15,102.8
142.35,-11.15,99.2
142.6,-11.15,96.4
142.85,-11.15,95.1
132.6,-10.9,102.6
136.85,-10.9,102.6
142.1,-10.9,99.6
142.35,-10.9,93.7
142.6,-10.9,91.7
142.85,-10.9,91.5
142.1,-10.65,96.3
142.35,-10.65,88.6
142.6,-10.65,88.3
142.1,-10.4,93.3
142.35,-10.4,89.0
142.1,-10.15,93.2
142.35,-10.15,88.3
